{
  "framework": "genjax",
  "method": "importance_sampling",
  "n_particles": 10000,
  "n_features": 200,
  "n_points": 50,
  "times": [
    0.035632333000194194,
    0.03107137500001045,
    0.030942916000185505,
    0.03554062500006694,
    0.035343374999683874,
    0.03326225000000704,
    0.03520104200015339,
    0.0359140830000797,
    0.03554149999990841,
    0.03402816600009828,
    0.036039083000105165,
    0.03536450000001423,
    0.03463762499995937,
    0.03560216699997909,
    0.0357194579996758,
    0.034977708000042185,
    0.03540949999978693,
    0.03464041699999143,
    0.03348020800012819,
    0.032464874999732274
  ],
  "mean_time": 0.034540660299990124,
  "std_time": 0.0014979289822385643
}