{
  "framework": "genjax",
  "method": "importance_sampling",
  "n_particles": 10000,
  "n_features": 25,
  "n_points": 50,
  "times": [
    0.004706833000000188,
    0.0046097089998511365,
    0.004689082999902894,
    0.0043982500001220615,
    0.004218791000312194,
    0.004285541999706766,
    0.0038722500003132154,
    0.004638833000171871,
    0.00465375000021595,
    0.00467091700011224,
    0.0046915419998185826,
    0.004672250000112399,
    0.004685040999902412,
    0.004674875000091561,
    0.004700499999671592,
    0.0043647090001286415,
    0.004640874999950029,
    0.004187708000245038,
    0.00467058399999587,
    0.004672583000228769
  ],
  "mean_time": 0.00453523125004267,
  "std_time": 0.00022729972008341445
}