{
  "std_time": 0.001231100835470181,
  "mean_time": 0.11302738760000039,
  "variant": "per_site",
  "method": "importance_sampling",
  "n_particles": 10000,
  "times": [
    0.11144991699999807,
    0.11120708299999649,
    0.11336749999999896,
    0.112303500000003,
    0.11359212500000382,
    0.11205458399999912,
    0.11233508299999784,
    0.11157125000000434,
    0.11440737499999898,
    0.11111987499999998,
    0.115039208000006,
    0.11150958399999666,
    0.11450858400000641,
    0.11368045900000112,
    0.11277937500000235,
    0.11347125000000347,
    0.11400883299999975,
    0.11424150000000566,
    0.11468912499998396,
    0.11321154200000194
  ],
  "n_features": 100,
  "n_points": 50,
  "framework": "genmlx"
}