{
  "std_time": 0.0004526321465447425,
  "mean_time": 0.031217910349999656,
  "variant": "per_site",
  "method": "importance_sampling",
  "n_particles": 10000,
  "times": [
    0.030893208000000172,
    0.03072108299999954,
    0.030498792000001274,
    0.031634999999999636,
    0.031810957999999445,
    0.031607040999999114,
    0.031625916999999504,
    0.03155541600000156,
    0.03232429199999842,
    0.031532583000000614,
    0.031321832999996246,
    0.03086049999999574,
    0.03150875000000042,
    0.030924707999997025,
    0.031137875000002424,
    0.031061374999996616,
    0.030897417000002037,
    0.03091020800000166,
    0.030743042000000997,
    0.030788209000000677
  ],
  "n_features": 50,
  "n_points": 50,
  "framework": "genmlx"
}