{
  "std_time": 0.0014419508284931682,
  "mean_time": 0.2757486582999988,
  "variant": "per_site",
  "method": "importance_sampling",
  "n_particles": 10000,
  "times": [
    0.2760001669999923,
    0.27883158299998456,
    0.27671820799999125,
    0.2791952080000044,
    0.2759525409999952,
    0.2758587920000082,
    0.2749427079999833,
    0.27386991699999896,
    0.2770961250000141,
    0.2737221669999883,
    0.2742069159999687,
    0.2752826250000169,
    0.2768505829999981,
    0.27546254200001385,
    0.2761627080000437,
    0.27578912500001707,
    0.2744662919999996,
    0.2745624169999985,
    0.2743646249999756,
    0.2756379169999832
  ],
  "n_features": 200,
  "n_points": 50,
  "framework": "genmlx"
}