{
  "std_time": 0.000021087188733850112,
  "mean_time": 0.0009213353000006918,
  "variant": "gaussian_vec",
  "method": "importance_sampling",
  "n_particles": 10000,
  "times": [
    0.0008839170000101149,
    0.0009298329999865018,
    0.0009277910000093925,
    0.0009415419999925234,
    0.0008850830000142196,
    0.0009239999999977044,
    0.0008969170000057147,
    0.000900250000000824,
    0.0009481660000005832,
    0.0009658329999808757,
    0.0009298329999865018,
    0.0009326249999901393,
    0.0009229160000074899,
    0.0009056250000014643,
    0.0009060419999968872,
    0.0009331669999994574,
    0.0009417079999991529,
    0.0009003330000041387,
    0.0009157080000079532,
    0.0009354170000221984
  ],
  "n_features": 50,
  "n_points": 50,
  "framework": "genmlx"
}