{
  "description": "IS -> exact on the identical biased-agent GF: TV(exact, IS) vs N at finite alpha",
  "config": {
    "n_grid": [
      10,
      30,
      100,
      300,
      1000,
      3000
    ],
    "replicates_per_n": [
      20,
      20,
      20,
      20,
      20,
      10
    ],
    "seed_scheme": "seed = seed-base + 1000*n-index + replicate; rng/fresh-key(seed); MLX RNG is bit-reproducible"
  },
  "duration_ms": 157474.159667,
  "finite_alpha_regime": {
    "alpha": 2,
    "rationale": "At alpha=Inf the softmax policies are argmax 0/1 indicators: IS particle weights degenerate to {0, constant} and TV-vs-N is uninformative. alpha=2 keeps both bias hypotheses at finite likelihood."
  },
  "trajectories": [
    {
      "name": "safe-x3",
      "states": [
        0,
        0,
        0
      ],
      "actions": [
        1,
        1,
        1
      ],
      "exact": {
        "naive": 0.448501044290804,
        "sophisticated": 0.551498955709196
      },
      "exact_cross_checks": {
        "policy_idiom": {
          "posterior": {
            "naive": 0.448501044290804,
            "sophisticated": 0.551498955709196
          },
          "max_abs_diff": 0
        },
        "math_verifier_reference": {
          "quantity": "sophisticated",
          "value": 0.5515,
          "abs_diff": 0.0000010442908039420828,
          "tol": 0.001,
          "within_tol": true
        }
      },
      "curve": [
        {
          "n": 10,
          "replicates": 20,
          "tv_mean": 0.14416501025906067,
          "tv_std": 0.1171909563545755,
          "tv_max": 0.43129456661388965,
          "tvs": [
            0.27954212703063397,
            0.10102013371632187,
            0.09694220252587707,
            0.2063810291116008,
            0.27954212703063397,
            0.09694220252587707,
            0.09694220252587707,
            6.332993504609696e-8,
            0.09694220252587707,
            6.332993504609696e-8,
            0.43129456661388965,
            0.09694220252587707,
            6.332993504609696e-8,
            0.19004850588991554,
            0.2063810291116008,
            0.10102013371632187,
            0.09694220252587707,
            0.3163685785953769,
            0.19004850588991554,
            6.332993504609696e-8
          ],
          "ess_mean": 9.90962543983685,
          "ess_frac": 0.990962543983685
        },
        {
          "n": 30,
          "replicates": 20,
          "tv_mean": 0.05361295680231361,
          "tv_std": 0.04311709394681248,
          "tv_max": 0.1594251555974713,
          "tvs": [
            0.03275479875757606,
            0.03275479875757606,
            0.03320775426671593,
            0.06506587133064182,
            8.195638653840653e-8,
            0.12839247878893525,
            0.06687786116943448,
            0.03320775426671593,
            8.195638653840653e-8,
            8.195638653840653e-8,
            0.09694221370174796,
            0.09694221370174796,
            0.09694221370174796,
            0.03320775426671593,
            0.03275479875757606,
            0.03275479875757606,
            0.03275479875757606,
            0.06506587133064182,
            0.03320775426671593,
            0.1594251555974713
          ],
          "ess_mean": 29.69529682635645,
          "ess_frac": 0.989843227545215
        },
        {
          "n": 100,
          "replicates": 20,
          "tv_mean": 0.03911157462280244,
          "tv_std": 0.029597616024877288,
          "tv_max": 0.09072729538873522,
          "tvs": [
            5.867332217301957e-8,
            5.867332217301957e-8,
            0.08047754842535346,
            0.07027069771409719,
            0.039252263831638406,
            0.08742445135741742,
            0.05863876767709167,
            0.019869685766554762,
            0.009873590304248642,
            0.019869685766554762,
            0.01970666773869903,
            0.06010636560366242,
            0.009873590304248642,
            0.039252263831638406,
            0.029866317414946247,
            0.009914337785250832,
            0.019869685766554762,
            0.048965220211737465,
            0.06827294022097499,
            0.09072729538873522
          ],
          "ess_mean": 98.95974567903612,
          "ess_frac": 0.9895974567903612
        },
        {
          "n": 300,
          "replicates": 20,
          "tv_mean": 0.02493332398064841,
          "tv_std": 0.023862853023251796,
          "tv_max": 0.09060133864424438,
          "tvs": [
            0.006586944090866159,
            0.0165466482399845,
            0.0736682453540036,
            0.01643347075461657,
            2.915039658268892e-7,
            0.06687788887628107,
            0.00987360613673241,
            0.026529501320130516,
            0.01322820120238452,
            0.029866286215639998,
            0.0165466482399845,
            0.01643347075461657,
            0.09060133864424438,
            0.019869684835232188,
            0.013155793876119565,
            0.019706666807376455,
            0.019869684835232188,
            0.0032957562829485643,
            0.019706666807376455,
            0.019869684835232188
          ],
          "ess_mean": 296.8582601928509,
          "ess_frac": 0.9895275339761695
        },
        {
          "n": 1000,
          "replicates": 20,
          "tv_mean": 0.012438777971176837,
          "tv_std": 0.010646483151212381,
          "tv_max": 0.038898790819605206,
          "tvs": [
            0.012896612618153308,
            0.0009895728549802196,
            0.006935737805708636,
            0.009914318925968696,
            0.023863370308920134,
            2.711312845071756e-7,
            0.011843479576253008,
            0.018725149904110144,
            0.0009895728549802196,
            0.038898790819605206,
            0.008921033917961035,
            0.0029699773409286034,
            0.008921033917961035,
            0.013891508697799732,
            0.009914318925968696,
            2.711312845071756e-7,
            0.019706699403666567,
            0.004941882525070246,
            0.025587183179066192,
            0.02886477358386605
          ],
          "ess_mean": 989.4941407343028,
          "ess_frac": 0.9894941407343029
        },
        {
          "n": 3000,
          "replicates": 10,
          "tv_mean": 0.007783654515515081,
          "tv_std": 0.004997636397517843,
          "tv_max": 0.01422327094458728,
          "tvs": [
            0.009216613124788414,
            0.0016495336427235496,
            0.002966478397336464,
            0.010530475340981643,
            0.0006595060289489585,
            0.01422327094458728,
            0.014139553549664702,
            0.005943777604063366,
            0.011902222072041918,
            0.006605114450014521
          ],
          "ess_mean": 2968.5131089835527,
          "ess_frac": 0.9895043696611843
        }
      ],
      "tv_slope_fit": {
        "slope": -0.48367654858543846,
        "intercept": -0.4400646594679414,
        "expected": -0.5
      },
      "seed_base": 10000
    },
    {
      "name": "tempt-x3",
      "states": [
        0,
        0,
        0
      ],
      "actions": [
        0,
        0,
        0
      ],
      "exact": {
        "naive": 0.5638096711967175,
        "sophisticated": 0.4361903288032824
      },
      "exact_cross_checks": {
        "policy_idiom": {
          "posterior": {
            "naive": 0.5638096711967175,
            "sophisticated": 0.4361903288032824
          },
          "max_abs_diff": 0
        },
        "math_verifier_reference": {
          "quantity": "naive",
          "value": 0.5638,
          "abs_diff": 0.000009671196717575548,
          "tol": 0.001,
          "within_tol": true
        }
      },
      "curve": [
        {
          "n": 10,
          "replicates": 20,
          "tv_mean": 0.10831291020829407,