{
  "experiment": "hmm_is_vs_smc",
  "timestamp": "2026-04-15T18:53:35.979Z",
  "model": {
    "K": 2,
    "T": 50,
    "transition_probs": [
      [
        0.9,
        0.1
      ],
      [
        0.1,
        0.9
      ]
    ],
    "init_probs": [
      0.5,
      0.5
    ],
    "emission_means": [
      -2,
      2
    ],
    "sigma_obs": 1
  },
  "exact_log_ml": -86.86442191317428,
  "data": {
    "zs_true": [
      1,
      0,
      0,
      0,
      0,
      0,
      0,
      0,
      0,
      0,
      0,
      0,
      0,
      0,
      0,
      1,
      1,
      1,
      1,
      0,
      1,
      1,
      0,
      0,
      0,
      0,
      0,
      0,
      0,
      0,
      0,
      0,
      0,
      0,
      0,
      0,
      0,
      1,
      1,
      1,
      1,
      1,
      1,
      1,
      1,
      1,
      1,
      1,
      1,
      0
    ],
    "ys": [
      3.07,
      -2.705,
      -1.695,
      -3.586,
      -3.487,
      -2.084,
      -1.983,
      -3.072,
      -0.495,
      -2.301,
      0.161,
      -1.769,
      -1.536,
      -0.805,
      0.851,
      2.223,
      1.253,
      2.74,
      2.009,
      -0.089,
      1.709,
      2.528,
      -1.942,
      -2.348,
      -2.661,
      -2.928,
      -2.599,
      -1.194,
      -3.515,
      -1.982,
      -2.571,
      -2.338,
      -2.913,
      -1.772,
      0.147,
      -1.991,
      -1.35,
      2.66,
      1.81,
      2.121,
      2.972,
      5.104,
      1.414,
      3.214,
      2.14,
      1.725,
      2.608,
      1.461,
      2.415,
      -1.998
    ]
  },
  "algorithms": [
    {
      "time_ms_std": 133.40371772826146,
      "algorithm": "VIS_1000",
      "method": "vectorized-is",
      "error_std": 10.611759765602555,
      "log_ml_mean": -125.32334645589192,
      "raw_ess": [
        1.0313184298622247,
        1.9473279092101372,
        1.1735330750818755
      ],
      "log_ml_std": 10.611759765602555,
      "time_ms_mean": 127.43416666666667,
      "raw_log_mls": [
        -133.16249084472656,
        -110.32112884521484,
        -132.48641967773438
      ],
      "ess_std": 0.40250007824619927,
      "raw_errors": [
        46.29806893155228,
        23.45670693204056,
        45.62199776456009
      ],
      "error_mean": 38.45892454271765,
      "particles": 1000,
      "ess_mean": 1.3840598047180792
    },
    {
      "time_ms_std": 409.54680878869857,
      "algorithm": "Seq_IS_100",
      "method": "sequential-is",
      "error_std": 9.338939813945935,
      "log_ml_mean": -147.68665421758203,
      "raw_ess": [
        1.000020076719991,
        1.0205076067924996,
        1.0001003538065383
      ],
      "log_ml_std": 9.338939813945935,
      "time_ms_mean": 5463.206986,
      "raw_log_mls": [
        -135.6433986730895,
        -149.01321093708646,
        -158.40335304257013
      ],
      "ess_std": 0.00963904851986959,
      "raw_errors": [
        48.778976759915224,
        62.14878902391217,
        71.53893112939585
      ],
      "error_mean": 60.82223230440775,
      "particles": 100,
      "ess_mean": 1.0068760124396763
    },
    {
      "time_ms_std": 185.53540200601125,
      "algorithm": "Batched_SMC_100",
      "method": "batched-smc",
      "error_std": 0.26447404165823907,
      "log_ml_mean": -86.70691172281902,
      "raw_ess": [
        100,
        100,
        100
      ],
      "log_ml_std": 0.585324833770001,
      "time_ms_mean": 686.0425553333334,
      "raw_log_mls": [
        -86.65960693359375,
        -86.01486206054688,
        -87.4462661743164
      ],
      "ess_std": 0,
      "raw_errors": [
        0.20481497958053296,
        0.849559852627408,
        0.5818442611421233
      ],
      "error_mean": 0.5454063644500214,
      "particles": 100,
      "ess_mean": 100
    },
    {
      "time_ms_std": 26.64500389219638,
      "algorithm": "Batched_SMC_200",
      "method": "batched-smc",
      "error_std": 0.5254350514415588,
      "log_ml_mean": -87.41020965576172,
      "raw_ess": [
        200,
        200,
        200
      ],
      "log_ml_std": 0.5254350514415588,
      "time_ms_mean": 552.6448609999994,
      "raw_log_mls": [
        -87.08018493652344,
        -88.15179443359375,
        -86.99864959716797
      ],
      "ess_std": 0,
      "raw_errors": [
        0.21576302334915454,
        1.287372520419467,
        0.1342276839936858
      ],
      "error_mean": 0.5457877425874358,
      "particles": 200,
      "ess_mean": 200
    }
  ]
}