{
  "model": "/home/robert/.cache/models/qwen3.5-0.8b-mlx-bf16",
  "prompt-tokens": 5,
  "n-steps": 32,
  "warmup": 4,
  "rows": [
    {
      "k": 1,
      "ms-per-step": 24.043599937500005,
      "ms-per-lane-step": 24.043599937500005
    },
    {
      "k": 2,
      "ms-per-step": 31.723272156250005,
      "ms-per-lane-step": 15.861636078125002
    },
    {
      "k": 4,
      "ms-per-step": 32.91943753124997,
      "ms-per-lane-step": 8.229859382812492
    },
    {
      "k": 8,
      "ms-per-step": 35.47971931250004,
      "ms-per-lane-step": 4.434964914062505
    }
  ]
}