{
  "experiment": "neals-funnel",
  "model": {
    "name": "funnel",
    "dimensions": 11,
    "description": "joint funnel: v ~ N(0,3), x_i ~ N(0, exp(v/2)), no observations"
  },
  "diagnostics": {
    "r-hat-target": 1.01,
    "n-chains": 4,
    "ess-note": "ess = sum of per-chain Geyer ESS; bulk/tail-ESS rank-normalized (Vehtari et al. 2021)"
  },
  "ground-truth": {
    "v-mean": 0,
    "v-std": 3,
    "note": "joint funnel: v ~ N(0,3) marginally (no observations)"
  },
  "results": [
    {
      "algorithm": "HMC",
      "v-std": 1.6749583348976678,
      "bulk-ess": 5.570264426060866,
      "r-hat": 2.3635216956088434,
      "ess": 1807.3205686415645,
      "elapsed-ms": 56215.016209,
      "acceptance-rate": 0,
      "n-chains": 4,
      "v-mean": 1.748871566330393,
      "tail-ess": 14.354327480228912,
      "n-samples-per-chain": 600
    },
    {
      "algorithm": "NUTS",
      "v-std": 3.1252581006068367,
      "bulk-ess": 5.534555057377543,
      "r-hat": 3.2700539318838016,
      "ess": 640.5229242899328,
      "elapsed-ms": 41454.980209,
      "acceptance-rate": 0,
      "n-chains": 4,
      "v-mean": 1.069228495595356,
      "tail-ess": 4.006677796327212,
      "n-samples-per-chain": 600
    },
    {
      "algorithm": "compiled-MH",
      "v-std": 3.5999967359662386,
      "bulk-ess": 4.634069130585147,
      "r-hat": 7.661846253279226,
      "ess": 61.3636401501559,
      "elapsed-ms": 13451.143875000067,
      "acceptance-rate": null,
      "n-chains": 4,
      "v-mean": -0.9126765926737571,
      "tail-ess": 10.67019945496735,
      "n-samples-per-chain": 2000
    }
  ]
}