{
  "bench1_gfi_mh_vs_compiled_mh": {
    "gfi_mh": {
      "mean": 4741.692983399998,
      "std": 1472.397296185288
    },
    "compiled_mh": {
      "mean": 1557.3741194285726,
      "std": 205.25040419121407
    },
    "speedup": 3.0446717485839607
  },
  "bench2_score_fn_compilation": {
    "uncompiled": {
      "mean": 390.48342909999485,
      "std": 36.29835053368851
    },
    "compiled": {
      "mean": 9.609349999995903,
      "std": 0.8869236571657981
    },
    "speedup": 40.63577964171992
  },
  "bench3_hmc_genmlx_vs_handcoded": {
    "genmlx_hmc": {
      "mean": 7769.124553571431,
      "std": 503.47106890221863
    },
    "handcoded_hmc": {
      "mean": 2402.8048154285725,
      "std": 118.39461213657745
    },
    "overhead": 3.233356493913012
  },
  "bench4_serial_vs_vectorized_mh": {
    "one_chain": {
      "mean": 876.1498989999943,
      "std": 122.85854945655349
    },
    "serial_extrapolated": {
      "mean": 8761.498989999944,
      "std": 1228.5854945655349
    },
    "vectorized": {
      "mean": 619.8318987142827,
      "std": 82.50150613945509
    },
    "speedup": 14.135282498648296,
    "n_chains": 10
  }
}