{
  "description": "Pluggable inference on one agent GF: exact / IS / MH agree on P(goal|actions); TV->0 at the MC rate; plus gradient recovery of a continuous utility latent.",
  "reference_posteriors": {
    "n": 2000,
    "exact": {
      "a": 0.7424429655661746,
      "b": 0.21352503275204995,
      "c": 0.044032001681775436
    },
    "importance": {
      "posterior": {
        "a": 0.7431192724734377,
        "b": 0.21340065273722988,
        "c": 0.043480074789332385
      },
      "ess": 1117.129948957979,
      "tv_to_exact": 0.0006763069072631273
    },
    "mh": {
      "posterior": {
        "a": 0.741,
        "b": 0.211,
        "c": 0.048
      },
      "tv_to_exact": 0.00396799831822451
    }
  },
  "config": {
    "seed_scheme": "IS seed = 10000 + 1000*n-index + rep; MH seed = 20000 + ...; rng/fresh-key(seed); MLX RNG is bit-reproducible"
  },
  "duration_ms": 453591.060958,
  "finite_alpha_regime": {
    "alpha": 2,
    "rationale": "At alpha=Inf argmax policies make the sampling likelihoods degenerate; alpha=2 keeps all goal hypotheses at finite likelihood."
  },
  "exact_posterior": {
    "a": 0.7424429655661746,
    "b": 0.21352503275204995,
    "c": 0.044032001681775436
  },
  "experiment": "agents-pluggable-inference",
  "convergence": {
    "n_grid": [
      10,
      30,
      100,
      300,
      1000
    ],
    "replicates_per_n": [
      16,
      16,
      16,
      12,
      8
    ],
    "importance": {
      "curve": [
        {
          "n": 10,
          "replicates": 16,
          "tv_mean": 0.1787252820156394,
          "tv_std": 0.10844898335753071,
          "tv_max": 0.36864152082865825,
          "ess_mean": 5.5323720359650554,
          "ess_frac": 0.5532372035965055
        },
        {
          "n": 30,
          "replicates": 16,
          "tv_mean": 0.0993523023355534,
          "tv_std": 0.08960151960017876,
          "tv_max": 0.32798749059920346,
          "ess_mean": 17.03705420840257,
          "ess_frac": 0.5679018069467523
        },
        {
          "n": 100,
          "replicates": 16,
          "tv_mean": 0.03677364971646289,
          "tv_std": 0.018888726588887062,
          "tv_max": 0.0657360750192705,
          "ess_mean": 56.49167530700185,
          "ess_frac": 0.5649167530700185
        },
        {
          "n": 300,
          "replicates": 12,
          "tv_mean": 0.014369269095440541,
          "tv_std": 0.015420580839715516,
          "tv_max": 0.05896770647595949,
          "ess_mean": 165.50428888461616,
          "ess_frac": 0.5516809629487205
        },
        {
          "n": 1000,
          "replicates": 8,
          "tv_mean": 0.010461632830669292,
          "tv_std": 0.007590921074161675,
          "tv_max": 0.024406465092203074,
          "ess_mean": 555.7843647339093,
          "ess_frac": 0.5557843647339094
        }
      ],
      "tv_slope_fit": {
        "slope": -0.6604314860863809,
        "intercept": -0.08679400268454218,
        "expected": -0.5
      }
    },
    "mh": {
      "curve": [
        {
          "n": 10,
          "replicates": 16,
          "tv_mean": 0.18133188780757356,
          "tv_std": 0.11062660679982371,
          "tv_max": 0.44244296556617463
        },
        {
          "n": 30,
          "replicates": 16,
          "tv_mean": 0.1664900188914412,
          "tv_std": 0.13459978345190024,
          "tv_max": 0.5531416339146168
        },
        {
          "n": 100,
          "replicates": 16,
          "tv_mean": 0.05878594364100936,
          "tv_std": 0.03670729365247417,
          "tv_max": 0.13647496724795
        },
        {
          "n": 300,
          "replicates": 12,
          "tv_mean": 0.041740863980596565,
          "tv_std": 0.02037578233688846,
          "tv_max": 0.07910963223284123
        },
        {
          "n": 1000,
          "replicates": 8,
          "tv_mean": 0.019612483623975014,
          "tv_std": 0.007122151139669845,
          "tv_max": 0.0334429655661746
        }
      ],
      "tv_slope_fit": {
        "slope": -0.5080346886462935,
        "intercept": -0.15613391968760215,
        "expected": -0.5
      }
    }
  },
  "gradient_recovery": {
    "plant_utils": [
      5,
      0,
      0
    ],
    "recovered_utils": [
      0.8598050475120544,
      -0.6413753032684326,
      -0.9348035454750061
    ],
    "plant_loss": 2.922347068786621,
    "recovered_loss": 2.8724570274353027,