{
  "framework": "genjax",
  "method": "importance_sampling",
  "n_particles": 10000,
  "n_features": 10,
  "n_points": 50,
  "times": [
    0.0019752080002035655,
    0.0018960420002258616,
    0.001968665999811492,
    0.001862000000073749,
    0.0017857499997262494,
    0.0017742920003911422,
    0.001985207999950944,
    0.0018831249999493593,
    0.0014907080003467854,
    0.0019635830003608135,
    0.001992957999846112,
    0.0019899589997294242,
    0.001968999999917287,
    0.0019621250003183377,
    0.001983666999876732,
    0.002003458000217506,
    0.0019492080000418355,
    0.0020011670003441395,
    0.001979457999823353,
    0.002005041999836976
  ],
  "mean_time": 0.0019210312000495834,
  "std_time": 0.00011916581074013056
}