{
  "meta": {
    "seeds": 30,
    "h-lambdas": [
      0,
      0.01,
      0.03,
      0.08
    ],
    "a-lambdas": [
      0,
      0.0005,
      0.002
    ],
    "headline-config": {
      "sigma0": 3,
      "r-lo": 0.3,
      "r-hi": 3,
      "r": 1,
      "T": 12,
      "N": 128
    },
    "ablation-config": {
      "rho": 0.9,
      "q": 0.4,
      "r": 0.7,
      "T": 6
    }
  },
  "headline": [
    {
      "lambda": 0,
      "controller": -0.10979860423587189,
      "meta-greedy": -0.1493079078225709,
      "fixed": {
        "1": -1.2425974714546162,
        "2": -0.5270971896946816,
        "3": -0.23452822484794092,
        "4": -0.3043560919766732,
        "6": -0.36087221659212443,
        "8": -0.18336316490969645,
        "10": -0.1496453570926387,
        "12": -0.10979860423587189
      },
      "vs-meta": {
        "mean": 0.039509303586699004,
        "lo": -0.029827540196468064,
        "hi": 0.13724464075500317,
        "n": 30,
        "b": 2000
      },
      "meta-vs-fixed": {
        "1": {
          "mean": 1.0932895636320452,
          "lo": 0.21315163373320253,
          "hi": 2.394602355568458,
          "n": 30,
          "b": 2000
        },
        "2": {
          "mean": 0.3777892818721107,
          "lo": -0.050155145188654736,
          "hi": 1.0105545473646798,
          "n": 30,
          "b": 2000
        },
        "3": {
          "mean": 0.08522031702537006,
          "lo": -0.020818961319111148,
          "hi": 0.20263223622141996,
          "n": 30,
          "b": 2000
        },
        "4": {
          "mean": 0.15504818415410235,
          "lo": -0.005555178037882384,
          "hi": 0.3656215283585937,
          "n": 30,
          "b": 2000
        },
        "6": {
          "mean": 0.2115643087695535,
          "lo": -0.016074428802092873,
          "hi": 0.5109105723843287,
          "n": 30,
          "b": 2000
        },
        "8": {
          "mean": 0.034055257087125555,
          "lo": -0.07416210706509739,
          "hi": 0.15398877613603115,
          "n": 30,
          "b": 2000
        },
        "10": {
          "mean": 0.00033744927006781704,
          "lo": -0.049921127464390716,
          "hi": 0.04979462591742226,
          "n": 30,
          "b": 2000
        },
        "12": {
          "mean": -0.039509303586699004,
          "lo": -0.13170539975376463,
          "hi": 0.029452639217120557,
          "n": 30,
          "b": 2000
        }
      },
      "vs-fixed": {
        "1": {
          "mean": 1.1327988672187443,
          "lo": 0.19443668933703828,
          "hi": 2.4766560477339277,
          "n": 30,
          "b": 2000
        },
        "2": {
          "mean": 0.4172985854588097,
          "lo": -0.008172416528687276,
          "hi": 1.1463577482556184,
          "n": 30,
          "b": 2000
        },
        "3": {
          "mean": 0.12472962061206906,
          "lo": 0.03250180574059938,
          "hi": 0.24624604410142445,
          "n": 30,
          "b": 2000
        },
        "4": {
          "mean": 0.19455748774080134,
          "lo": -0.035085169117633805,
          "hi": 0.493989971037245,
          "n": 30,
          "b": 2000
        },
        "6": {
          "mean": 0.25107361235625253,
          "lo": -0.04895060075800612,
          "hi": 0.6473514715700918,
          "n": 30,
          "b": 2000
        },
        "8": {
          "mean": 0.07356456067382457,
          "lo": -0.07296646924060572,
          "hi": 0.24382486025671968,
          "n": 30,
          "b": 2000
        },
        "10": {
          "mean": 0.03984675285676682,
          "lo": -0.020180043166208937,
          "hi": 0.10870310143004497,
          "n": 30,
          "b": 2000
        },
        "12": {
          "mean": 0,
          "lo": 0,
          "hi": 0,
          "n": 30,
          "b": 2000
        }
      }
    },
    {
      "lambda": 0.01,
      "controller": -0.25458425650721545,
      "meta-greedy": -0.2524734803570083,
      "fixed": {
        "1": -1.2725974714546155,
        "2": -0.5770971896946815,
        "3": -0.3045282248479409,
        "4": -0.3943560919766732,
        "6": -0.49087221659212443,
        "8": -0.35336316490969644,
        "10": -0.3596453570926388,
        "12": -0.35979860423587184
      },
      "vs-meta": {
        "mean": -0.002110776150207126,
        "lo": -0.090904489248204,
        "hi": 0.10285824431859876,
        "n": 30,
        "b": 2000
      },
      "meta-vs-fixed": {
        "1": {
          "mean": 1.020123991097608,
          "lo": 0.13761755072793697,
          "hi": 2.3181286911803407,
          "n": 30,
          "b": 2000
        },
        "2": {
          "mean": 0.3246237093376734,
          "lo": -0.11059535620115195,
          "hi": 0.9512804772960173,
          "n": 30,
          "b": 2000
        },
        "3": {
          "mean": 0.05205474449093271,
          "lo": -0.06503708552698793,
          "hi": 0.1772694785084733,
          "n": 30,
          "b": 2000
        },
        "4": {
          "mean": 0.14188261161966498,
          "lo": -0.009794679562127795,
          "hi": 0.33540272500735296,
          "n": 30,
          "b": 2000
        },
        "6": {
          "mean": 0.23839873623511618,
          "lo": 0.019771604575519793,
          "hi": 0.5240250279914225,
          "n": 30,
          "b": 2000
        },
        "8": {
          "mean": 0.10088968455268824,
          "lo": -0.004458584759761545,
          "hi": 0.2127299572967754,
          "n": 30,
          "b": 2000
        },
        "10": {
          "mean": 0.10717187673563042,
          "lo": 0.04947353545180211,
          "hi": 0.1607828916339304,
          "n": 30,
          "b": 2000
        },
        "12": {
          "mean": 0.10732512387886364,
          "lo": 0.001178569516580503,
          "hi": 0.1924380866481479,
          "n": 30,
          "b": 2000
        }
      },
      "vs-fixed": {
        "1": {
          "mean": 1.0180132149474006,
          "lo": 0.08910125859278364,
          "hi": 2.359346910915122,
          "n": 30,
          "b": 2000
        },
        "2": {
          "mean": 0.32251293318746627,
          "lo": -0.09719883892057496,
          "hi": 1.047518879242926,
          "n": 30,
          "b": 2000
        },
        "3": {
          "mean": 0.0499439683407256,
          "lo": -0.030897827411722038,
          "hi": 0.15838425926568978,
          "n": 30,
          "b": 2000
        },
        "4": {
          "mean": 0.13977183546945784,
          "lo": -0.08461238080860548,
          "hi": 0.4292514633540392,
          "n": 30,
          "b": 2000
        },
        "6": {
          "mean": 0.236287960084909,
          "lo": -0.05547668467305104,
          "hi": 0.6213973137164227,
          "n": 30,
          "b": 2000
        },
        "8": {
          "mean": 0.0987789084024811,
          "lo": -0.049114979683169836,
          "hi": 0.2611338713251095,
          "n": 30,
          "b": 2000
        },
        "10": {
          "mean": 0.10506110058542326,
          "lo": 0.046196533423403734,
          "hi": 0.16383263862043154,
          "n": 30,
          "b": 2000
        },
        "12": {
          "mean": 0.10521434772865647,
          "lo": 0.08332249229098772,
          "hi": 0.12587869214289968,
          "n": 30,
          "b": 2000
        }
      }
    },
    {
      "lambda": 0.03,
      "controller": -0.495762470306537,
      "meta-greedy": -0.42705648268276025,
      "fixed": {
        "1": -1.332597471454616,
        "2": -0.6770971896946816,
        "3": -0.4445282248479411,
        "4": -0.5743560919766731,
        "6": -0.7508722165921246,
        "8": -0.6933631649096965,
        "10": -0.7796453570926388,
        "12": -0.8597986042358718
      },
      "vs-meta": {
        "mean": -0.06870598762377668,
        "lo": -0.1607997456225082,
        "hi": 0.025711496350605035,
        "n": 30,
        "b": 2000
      },