{
  "seeds": 50,
  "easy": 25,
  "grid": [
    "n1/d0",
    "n2/d64",
    "n2/d512",
    "n3/d64",
    "n3/d512"
  ],
  "title": "title-B",
  "any-win": true,
  "lambdas": [
    0,
    0.002,
    0.004,
    0.006,
    0.008,
    0.012,
    0.02
  ],
  "per-lambda": [
    {
      "vs-ablation": {
        "mean": 2.0338077194879776,
        "lo": 0.24774571848571547,
        "hi": 5.299919115109287,
        "n": 50,
        "b": 2000
      },
      "beats-all-fixed": true,
      "ablation-n": 2,
      "abl-mean": -10.350965342066068,
      "fixed-means": {
        "n1/d0": -13.148826889151167,
        "n2/d64": -10.350965342066068,
        "n2/d512": -10.350965342066068,
        "n3/d64": -8.561008792250396,
        "n3/d512": -8.429847558114876
      },
      "lambda": 0,
      "vs-meta": {
        "mean": -0.11268993553678597,
        "lo": -0.5852534307843825,
        "hi": 0.3232376423931196,
        "n": 50,
        "b": 2000
      },
      "spend": {
        "easy": {
          "compute": 436.92,
          "proposals": 2
        },
        "hard": {
          "compute": 380.32,
          "proposals": 2.12
        },
        "fixed": {
          "compute": 875,
          "proposals": 3
        }
      },
      "vs-llm-only": {
        "mean": 4.831669266573078,
        "lo": 1.6420524296822991,
        "hi": 9.935231456686143,
        "n": 50,
        "b": 2000
      },
      "vs-threshold": {
        "mean": 0.4070494772087309,
        "lo": 0.102029066613926,
        "hi": 0.8872333545058386,
        "n": 50,
        "b": 2000
      },
      "mean-proposals": 2.06,
      "thr-mean": -8.72420709978682,
      "vs-best-fixed": {
        "mean": 0.11268993553678597,
        "lo": -0.3158928208606408,
        "hi": 0.5992437978171172,
        "n": 50,
        "b": 2000
      },
      "ctrl-mean": -8.429847558114876,
      "llm-mean": -13.148826889151167,
      "best-fixed-cell": "n3/d512",
      "head-mean": -8.317157622578092,
      "win": false
    },
    {
      "vs-ablation": {
        "mean": 4.381652224939006,
        "lo": 1.199126074147021,
        "hi": 9.255445994635203,
        "n": 50,
        "b": 2000
      },
      "beats-all-fixed": true,
      "ablation-n": 1,
      "abl-mean": -13.390826889151176,
      "fixed-means": {
        "n1/d0": -13.390826889151176,
        "n2/d64": -10.83496534206607,
        "n2/d512": -10.83496534206607,
        "n3/d64": -9.415008792250397,
        "n3/d512": -10.179847558114878
      },
      "lambda": 0.002,
      "vs-meta": {
        "mean": -0.35147289390270814,
        "lo": -0.8696497589031431,
        "hi": 0.09191798952771607,
        "n": 50,
        "b": 2000
      },
      "spend": {
        "easy": {
          "compute": 242,
          "proposals": 1
        },
        "hard": {
          "compute": 360.4,
          "proposals": 1.88
        },
        "fixed": {
          "compute": 427,
          "proposals": 3
        }
      },
      "vs-llm-only": {
        "mean": 4.381652224939006,
        "lo": 1.247897597275976,
        "hi": 9.275863544404263,
        "n": 50,
        "b": 2000
      },
      "vs-threshold": {
        "mean": 0.3174324355746534,
        "lo": 0.07399842475892988,
        "hi": 0.707270774769343,
        "n": 50,
        "b": 2000
      },
      "mean-proposals": 1.44,
      "thr-mean": -9.326607099786822,
      "vs-best-fixed": {
        "mean": 0.40583412803822766,
        "lo": 0.030874454887550636,
        "hi": 0.8869151717680785,
        "n": 50,
        "b": 2000
      },
      "ctrl-mean": -9.360647558114879,
      "llm-mean": -13.390826889151176,
      "best-fixed-cell": "n3/d64",
      "head-mean": -9.00917466421217,
      "win": true
    },
    {
      "vs-ablation": {
        "mean": 4.009691494447567,
        "lo": 0.927641488407165,
        "hi": 8.985175484360008,
        "n": 50,
        "b": 2000
      },
      "beats-all-fixed": true,
      "ablation-n": 1,
      "abl-mean": -13.63282688915117,
      "fixed-means": {
        "n1/d0": -13.63282688915117,
        "n2/d64": -11.318965342066072,
        "n2/d512": -11.318965342066072,
        "n3/d64": -10.269008792250402,
        "n3/d512": -11.92984755811488
      },
      "lambda": 0.004,
      "vs-meta": {
        "mean": -0.6683121634112774,
        "lo": -1.17736606845171,
        "hi": -0.1910782576973283,
        "n": 50,
        "b": 2000
      },
      "spend": {
        "easy": {
          "compute": 242,
          "proposals": 1
        },
        "hard": {
          "compute": 360.4,
          "proposals": 1.84
        },
        "fixed": {
          "compute": 427,
          "proposals": 3
        }
      },
      "vs-llm-only": {
        "mean": 4.009691494447567,
        "lo": 0.9357146608259989,
        "hi": 8.976305223252428,
        "n": 50,
        "b": 2000
      },
      "vs-threshold": {
        "mean": 0.30587170508322176,
        "lo": 0.05948877810501287,
        "hi": 0.7077307849331993,
        "n": 50,
        "b": 2000
      },
      "mean-proposals": 1.42,
      "thr-mean": -9.929007099786826,
      "vs-best-fixed": {
        "mean": 0.6458733975467966,
        "lo": 0.27826080175603574,
        "hi": 1.1124598017260114,
        "n": 50,
        "b": 2000
      },
      "ctrl-mean": -10.291447558114882,
      "llm-mean": -13.63282688915117,
      "best-fixed-cell": "n3/d64",
      "head-mean": -9.623135394703603,
      "win": true
    },
    {
      "vs-ablation": {
        "mean": 3.633070840920522,
        "lo": 0.4958085172432567,
        "hi": 8.504622886230695,
        "n": 50,
        "b": 2000
      },
      "beats-all-fixed": true,
      "ablation-n": 1,
      "abl-mean": -13.874826889151171,
      "fixed-means": {
        "n1/d0": -13.874826889151171,
        "n2/d64": -11.802965342066072,
        "n2/d512": -11.802965342066072,
        "n3/d64": -11.123008792250397,
        "n3/d512": -13.679847558114878
      },
      "lambda": 0.006,
      "vs-meta": {
        "mean": -0.9804915098842271,
        "lo": -1.5566242268910429,
        "hi": -0.5024634815299609,
        "n": 50,
        "b": 2000
      },
      "spend": {
        "easy": {
          "compute": 242,
          "proposals": 1
        },
        "hard": {
          "compute": 360.4,
          "proposals": 1.8
        },
        "fixed": {
          "compute": 427,
          "proposals": 3
        }
      },
      "vs-llm-only": {
        "mean": 3.633070840920522,
        "lo": 0.5643050584825753,
        "hi": 8.231734329667297,
        "n": 50,
        "b": 2000
      },
      "vs-threshold": {
        "mean": 0.2896510515561721,
        "lo": 0.036497946134335206,
        "hi": 0.7056318122000317,
        "n": 50,
        "b": 2000
      },
      "mean-proposals": 1.4,
      "thr-mean": -10.531407099786826,
      "vs-best-fixed": {
        "mean": 0.8812527440197464,
        "lo": 0.4963424525058467,
        "hi": 1.3901665981548774,
        "n": 50,
        "b": 2000
      },
      "ctrl-mean": -11.222247558114882,
      "llm-mean": -13.874826889151171,
      "best-fixed-cell": "n3/d64",
      "head-mean": -10.24175604823065,
      "win": true
    },
    {
      "vs-ablation": {
        "mean": 3.272670840920523,
        "lo": 0.1794130594894649,
        "hi": 8.236863488501688,
        "n": 50,
        "b": 2000
      },
      "beats-all-fixed": true,
      "ablation-n": 1,
      "abl-mean": -14.116826889151175,
      "fixed-means": {
        "n1/d0": -14.116826889151175,
        "n2/d64": -12.286965342066068,
        "n2/d512": -12.286965342066068,
        "n3/d64": -11.977008792250396,
        "n3/d512": -15.429847558114878
      },
      "lambda": 0.008,
      "vs-meta": {
        "mean": -1.3088915098842278,
        "lo": -1.8416800135974376,
        "hi": -0.7866435865126844,
        "n": 50,
        "b": 2000
      },
      "spend": {
        "easy": {
          "compute": 242,
          "proposals": 1
        },
        "hard": {
          "compute": 360.4,