{
  "experiment": "rrps-p0",
  "timestamp": "2026-06-16T12:51:04.245Z",
  "task": {
    "prop-cost": 121,
    "sigma": 1,
    "train": 8,
    "k": 12,
    "nu": 2,
    "structures": [
      "C1 single Gaussian (exact)",
      "C2 two-group Gaussian (exact)",
      "Cflex two-group Student-t (IS) — heavy-tailed HARD truth"
    ],
    "tau": 3,
    "stream-order": [
      "C1",
      "C2",
      "Cflex"
    ],
    "test": 4
  },
  "sbc": {
    "R": 2000,
    "ranks-hist": [
      94,
      95,
      107,
      91,
      93,
      91,
      107,
      100,
      93,
      106,
      103,
      100,
      102,
      98,
      111,
      108,
      102,
      116,
      85,
      98
    ],
    "chi2": 11.459999999999999,
    "df": 19,
    "crit": 30.144
  },
  "gate": {
    "seeds": 40,
    "easy": 20,
    "hard": 20,
    "grid": [
      "n1/d0",
      "n2/d64",
      "n2/d512",
      "n3/d64",
      "n3/d512"
    ],
    "lambdas": [
      0,
      0.002,
      0.006
    ],
    "per-lambda": [
      {
        "lambda": 0,
        "g-easy": "n2/d512",
        "g-hard": "n3/d512",
        "easy-by-cell": {
          "n1/d0": -6.78643337359934,
          "n2/d64": -6.78643337359934,
          "n2/d512": -6.78643337359934,
          "n3/d64": -6.789371153003683,
          "n3/d512": -6.789371153003683
        },
        "hard-by-cell": {
          "n1/d0": -20.514603605898706,
          "n2/d64": -14.274654507771112,
          "n2/d512": -14.274654507771112,
          "n3/d64": -9.815977384169841,
          "n3/d512": -9.494062801333483
        },
        "easy-ci": {
          "mean": 0.0029377794043416116,
          "lo": 0,
          "hi": 0.008813338213024834,
          "n": 20,
          "b": 2000
        },
        "hard-ci": {
          "mean": 4.78059170643763,
          "lo": 0.41983376677176254,
          "hi": 12.386988388616006,
          "n": 20,
          "b": 2000
        },
        "diverges": false
      },
      {
        "lambda": 0.002,
        "g-easy": "n1/d0",
        "g-hard": "n3/d64",
        "easy-by-cell": {
          "n1/d0": -7.02843337359934,
          "n2/d64": -7.2704333735993405,
          "n2/d512": -7.2704333735993405,
          "n3/d64": -7.643371153003682,
          "n3/d512": -8.539371153003684
        },
        "hard-by-cell": {
          "n1/d0": -20.75660360589871,
          "n2/d64": -14.758654507771109,
          "n2/d512": -14.758654507771109,
          "n3/d64": -10.669977384169837,
          "n3/d512": -11.244062801333484
        },
        "easy-ci": {
          "mean": 0.6149377794043412,
          "lo": 0.6119999999999994,
          "hi": 0.6208133382130246,
          "n": 20,
          "b": 2000
        },
        "hard-ci": {
          "mean": 10.08662622172887,
          "lo": 2.4515587370048637,
          "hi": 21.081156004693966,
          "n": 20,
          "b": 2000
        },
        "diverges": true
      },
      {
        "lambda": 0.006,
        "g-easy": "n1/d0",
        "g-hard": "n3/d64",
        "easy-by-cell": {
          "n1/d0": -7.5124333735993405,
          "n2/d64": -8.238433373599342,
          "n2/d512": -8.238433373599342,
          "n3/d64": -9.351371153003681,
          "n3/d512": -12.039371153003682
        },
        "hard-by-cell": {
          "n1/d0": -21.240603605898706,
          "n2/d64": -15.72665450777111,
          "n2/d512": -15.72665450777111,
          "n3/d64": -12.377977384169842,
          "n3/d512": -14.744062801333484
        },
        "easy-ci": {
          "mean": 1.8389377794043404,
          "lo": 1.835999999999999,
          "hi": 1.844813338213024,
          "n": 20,
          "b": 2000
        },
        "hard-ci": {
          "mean": 8.862626221728869,
          "lo": 1.406396134837984,
          "hi": 20.773683840157638,
          "n": 20,
          "b": 2000
        },
        "diverges": true
      }
    ],
    "gate-pass": true
  }
}