{
  "seeds": 50,
  "easy": 25,
  "grid": [
    "n1/d0",
    "n2/d64",
    "n2/d512",
    "n3/d64",
    "n3/d512"
  ],
  "title": "title-A",
  "any-win": false,
  "lambdas": [
    0,
    0.002,
    0.004,
    0.006,
    0.008,
    0.012,
    0.02
  ],
  "per-lambda": [
    {
      "vs-ablation": {
        "mean": 2.257349065343306,
        "lo": -0.25588317975091196,
        "hi": 6.520632107618639,
        "n": 50,
        "b": 2000
      },
      "beats-all-fixed": false,
      "ablation-n": 2,
      "abl-mean": -13.585947136548942,
      "fixed-means": {
        "n1/d0": -17.0477141442026,
        "n2/d64": -13.585947136548942,
        "n2/d512": -13.585947136548942,
        "n3/d64": -10.598720419173587,
        "n3/d512": -10.609686769324494
      },
      "lambda": 0,
      "vs-meta": {
        "mean": 0.7512233551800024,
        "lo": 0.15085576091558134,
        "hi": 1.5010560348737463,
        "n": 50,
        "b": 2000
      },
      "spend": {
        "easy": {
          "compute": 353.84,
          "proposals": 1.8
        },
        "hard": {
          "compute": 402.52,
          "proposals": 2.4
        },
        "fixed": {
          "compute": 427,
          "proposals": 3
        }
      },
      "vs-llm-only": {
        "mean": 5.719116072996965,
        "lo": 2.8311248921053926,
        "hi": 10.230911312881764,
        "n": 50,
        "b": 2000
      },
      "vs-threshold": {
        "mean": -0.04172828162511091,
        "lo": -0.8098612622595092,
        "hi": 0.7934432546725964,
        "n": 50,
        "b": 2000
      },
      "mean-proposals": 2.1,
      "thr-mean": -11.286869789580521,
      "vs-best-fixed": {
        "mean": -0.7298776520320426,
        "lo": -1.4808833392720147,
        "hi": -0.10744708287909177,
        "n": 50,
        "b": 2000
      },
      "ctrl-mean": -10.577374716025629,
      "llm-mean": -17.0477141442026,
      "best-fixed-cell": "n3/d64",
      "head-mean": -11.328598071205631,
      "win": false
    },
    {
      "vs-ablation": {
        "mean": 1.6313845093688797,
        "lo": -0.7073216895617419,
        "hi": 5.6007396415969115,
        "n": 50,
        "b": 2000
      },
      "beats-all-fixed": false,
      "ablation-n": 2,
      "abl-mean": -14.069947136548935,
      "fixed-means": {
        "n1/d0": -17.289714144202602,
        "n2/d64": -14.069947136548935,
        "n2/d512": -14.069947136548935,
        "n3/d64": -11.452720419173591,
        "n3/d512": -12.35968676932449
      },
      "lambda": 0.002,
      "vs-meta": {
        "mean": 0.9364022279720534,
        "lo": 0.18986296993828403,
        "hi": 1.8593483882569188,
        "n": 50,
        "b": 2000
      },
      "spend": {
        "easy": {
          "compute": 242,
          "proposals": 1
        },
        "hard": {
          "compute": 375.2,
          "proposals": 2.08
        },
        "fixed": {
          "compute": 427,
          "proposals": 3
        }
      },
      "vs-llm-only": {
        "mean": 4.851151517022541,
        "lo": 2.0063274768425208,
        "hi": 9.051385768104893,
        "n": 50,
        "b": 2000
      },
      "vs-threshold": {
        "mean": -0.5344928375995367,
        "lo": -1.0821394096640002,
        "hi": -0.10819579762787292,
        "n": 50,
        "b": 2000
      },
      "mean-proposals": 1.54,
      "thr-mean": -11.904069789580522,
      "vs-best-fixed": {
        "mean": -0.9858422080064699,
        "lo": -1.9803882236701655,
        "hi": -0.2031699612085408,
        "n": 50,
        "b": 2000
      },
      "ctrl-mean": -11.502160399208012,
      "llm-mean": -17.289714144202602,
      "best-fixed-cell": "n3/d64",
      "head-mean": -12.438562627180056,
      "win": false
    },
    {
      "vs-ablation": {
        "mean": 1.4531691266093905,
        "lo": -0.8677763502940407,
        "hi": 5.64187183387339,
        "n": 50,
        "b": 2000
      },
      "beats-all-fixed": false,
      "ablation-n": 2,
      "abl-mean": -14.553947136548944,
      "fixed-means": {
        "n1/d0": -17.53171414420259,
        "n2/d64": -14.553947136548944,
        "n2/d512": -14.553947136548944,
        "n3/d64": -12.306720419173601,
        "n3/d512": -14.109686769324494
      },
      "lambda": 0.004,
      "vs-meta": {
        "mean": 0.6678176107315421,
        "lo": -0.17255004119228723,
        "hi": 1.6539124814303192,
        "n": 50,
        "b": 2000
      },
      "spend": {
        "easy": {
          "compute": 242,
          "proposals": 1
        },
        "hard": {
          "compute": 375.2,
          "proposals": 2.04
        },
        "fixed": {
          "compute": 427,
          "proposals": 3
        }
      },
      "vs-llm-only": {
        "mean": 4.430936134263045,
        "lo": 1.59200369546684,
        "hi": 8.586696653640603,
        "n": 50,
        "b": 2000
      },
      "vs-threshold": {
        "mean": -0.5795082203590279,
        "lo": -1.1314493395836933,
        "hi": -0.12878262510663785,
        "n": 50,
        "b": 2000
      },
      "mean-proposals": 1.52,
      "thr-mean": -12.521269789580531,
      "vs-best-fixed": {
        "mean": -0.7940575907659587,
        "lo": -1.7602007577443897,
        "hi": -0.014060700601910803,
        "n": 50,
        "b": 2000
      },
      "ctrl-mean": -12.432960399208012,
      "llm-mean": -17.53171414420259,
      "best-fixed-cell": "n3/d64",
      "head-mean": -13.100778009939559,
      "win": false
    },
    {
      "vs-ablation": {
        "mean": 1.1673178662122285,
        "lo": -1.089975259477252,
        "hi": 5.222247891637728,
        "n": 50,
        "b": 2000
      },
      "beats-all-fixed": false,
      "ablation-n": 2,
      "abl-mean": -15.037947136548942,
      "fixed-means": {
        "n1/d0": -17.7737141442026,
        "n2/d64": -15.037947136548942,
        "n2/d512": -15.037947136548942,
        "n3/d64": -13.16072041917359,
        "n3/d512": -15.859686769324494
      },
      "lambda": 0.006,
      "vs-meta": {
        "mean": 0.5068688711287045,
        "lo": -0.3813990449478212,
        "hi": 1.5687506078205926,
        "n": 50,
        "b": 2000
      },
      "spend": {
        "easy": {
          "compute": 242,
          "proposals": 1
        },
        "hard": {
          "compute": 375.2,
          "proposals": 2
        },
        "fixed": {
          "compute": 427,
          "proposals": 3
        }
      },
      "vs-llm-only": {
        "mean": 3.9030848738658848,
        "lo": 1.16442783907583,
        "hi": 7.893256699477023,
        "n": 50,
        "b": 2000
      },
      "vs-threshold": {
        "mean": -0.7321594807561891,
        "lo": -1.3508562074242478,
        "hi": -0.21557244450514434,
        "n": 50,
        "b": 2000
      },
      "mean-proposals": 1.5,
      "thr-mean": -13.138469789580522,
      "vs-best-fixed": {
        "mean": -0.7099088511631212,
        "lo": -1.7072016417026554,
        "hi": 0.12679635191803798,
        "n": 50,
        "b": 2000
      },
      "ctrl-mean": -13.363760399208008,
      "llm-mean": -17.7737141442026,
      "best-fixed-cell": "n3/d64",
      "head-mean": -13.87062927033671,
      "win": false
    },
    {
      "vs-ablation": {
        "mean": 1.034117866212227,
        "lo": -1.2394477833335977,
        "hi": 5.055453167401949,
        "n": 50,
        "b": 2000
      },
      "beats-all-fixed": false,
      "ablation-n": 2,
      "abl-mean": -15.521947136548933,
      "fixed-means": {
        "n1/d0": -18.0157141442026,
        "n2/d64": -15.521947136548933,
        "n2/d512": -15.521947136548933,
        "n3/d64": -14.014720419173596,
        "n3/d512": -17.609686769324494
      },
      "lambda": 0.008,
      "vs-meta": {
        "mean": 0.19326887112870414,
        "lo": -0.7117407195557726,
        "hi": 1.1757574444935073,
        "n": 50,
        "b": 2000
      },
      "spend": {
        "easy": {
          "compute": 242,
          "proposals": 1
        },