{
  "experiment": "compiled-inference",
  "model": "5-obs linreg",
  "comparisons": {
    "mh-chain": {
      "handler": {
        "mean-ms": 872.4094000000001,
        "std-ms": 10.240357610336844
      },
      "compiled": {
        "mean-ms": 104.19759999999988,
        "std-ms": 0.23753678257627214
      },
      "speedup": 8.372643899667565
    },
    "score-fn": {
      "uncompiled": {
        "mean-ms": 0.6173630000006857,
        "std-ms": 0.13946753932965633
      },
      "compiled": {
        "mean-ms": 0.7705832857141753,
        "std-ms": 0.007807193983420892
      },
      "speedup": 0.8011632375707639
    },
    "vectorized-mh": {
      "serial-compiled": {
        "mean-ms": 106.17843033333217,
        "std-ms": 1.3694418303800493
      },
      "vectorized-4chain": {
        "mean-ms": 139.32615266666713,
        "std-ms": 7.399345665296739
      },
      "speedup": 0.7620854254646671
    }
  }
}