{
  "experiment": "compiled-inference",
  "model": "5-obs linreg",
  "comparisons": {
    "mh-chain": {
      "handler": {
        "mean-ms": 858.2538748000001,
        "std-ms": 10.783569112747966
      },
      "compiled": {
        "mean-ms": 144.78059159999975,
        "std-ms": 1.6786512552577222
      },
      "speedup": 5.927962203464304
    },
    "score-fn": {
      "uncompiled": {
        "mean-ms": 0.6181607142856852,
        "std-ms": 0.15050402227374426
      },
      "compiled": {
        "mean-ms": 0.7780534285723532,
        "std-ms": 0.01005281542398753
      },
      "speedup": 0.7944964851834733
    },
    "vectorized-mh": {
      "serial-compiled": {
        "mean-ms": 146.37447233333418,
        "std-ms": 3.1270661002867914
      },
      "vectorized-4chain": {
        "mean-ms": 139.32136099999843,
        "std-ms": 7.126268349359341
      },
      "speedup": 1.0506247662433892
    }
  }
}