{
  "bean": "genmlx-mdet",
  "model": "/home/robert/.cache/huggingface/hub/models--mlx-community--Ornith-1.0-35B-8bit/snapshots/28d10f45a04981989f5a2e53e38f6473e81e815a",
  "T": 512,
  "n-runs": 30,
  "modes": [
    "baseline",
    "decode"
  ],
  "results": {
    "baseline": {
      "ms": [
        2414.082188999997,
        2255.446176999998,
        2105.455567000001,
        2219.5043769999975,
        2266.447466000005,
        2175.789048999999,
        2136.049669,
        2213.8134809999974,
        2131.4901809999938,
        2238.769830999998,
        2106.5339069999973,
        2237.4394790000006,
        2259.6082870000027,
        2262.3000820000016,
        2268.559162999998,
        2243.645027999999,
        2257.6986810000017,
        2272.7974699999904,
        2266.447260000001,
        2233.0854739999922,
        2219.8071749999945,
        2122.2023719999997,
        2141.757357999988,
        2212.4580080000014,
        2086.228470000002,
        2241.5431850000023,
        2122.356092000002,
        2308.6131599999935,
        2272.302441000007,
        2241.6366030000063
      ],
      "divergent": [],
      "analysis": [
        {
          "label": "logits",
          "distinct": 1,
          "spread": 0
        },
        {
          "label": "logits-last",
          "distinct": 1,
          "spread": 0
        }
      ]
    },
    "decode": {
      "distinct-token-seqs": 1,
      "first-divergent-step": null,
      "per-step-distinct": [
        1,
        1,
        1,
        1,
        1,
        1,
        1,
        1,
        1,
        1,
        1,
        1,
        1,
        1,
        1,
        1,
        1,
        1,
        1,
        1,
        1,
        1,
        1,
        1,
        1,
        1,
        1,
        1,
        1,
        1,
        1,
        1
      ],
      "token-seqs": [
        [
          321,
          42903,
          369,
          32894,
          13,
          24811,
          12396,
          4384,
          7233,
          75389,
          10633,
          888,
          33241,
          11,
          321,
          42903,
          369,
          32894,
          13,
          24811,
          12396,
          4384,
          7233,
          75389,
          10633,
          888,
          33241,
          11,
          321,
          42903,
          369,
          32894
        ],
        [
          321,
          42903,
          369,
          32894,
          13,
          24811,
          12396,
          4384,
          7233,
          75389,
          10633,
          888,
          33241,
          11,
          321,
          42903,
          369,
          32894,
          13,
          24811,
          12396,
          4384,
          7233,
          75389,
          10633,
          888,
          33241,
          11,
          321,
          42903,
          369,
          32894
        ],
        [
          321,
          42903,
          369,
          32894,
          13,
          24811,
          12396,
          4384,
          7233,
          75389,
          10633,
          888,
          33241,
          11,
          321,
          42903,
          369,
          32894,
          13,
          24811,
          12396,
          4384,
          7233,
          75389,
          10633,
          888,
          33241,
          11,
          321,
          42903,
          369,
          32894
        ],
        [
          321,
          42903,
          369,
          32894,
          13,
          24811,
          12396,
          4384,
          7233,
          75389,
          10633,
          888,
          33241,
          11,
          321,
          42903,
          369,
          32894,
          13,
          24811,
          12396,
          4384,
          7233,
          75389,
          10633,
          888,
          33241,
          11,
          321,
          42903,
          369,
          32894
        ],
        [
          321,
          42903,
          369,
          32894,
          13,
          24811,
          12396,
          4384,
          7233,
          75389,
          10633,
          888,
          33241,
          11,
          321,
          42903,
          369,
          32894,
          13,
          24811,
          12396,
          4384,
          7233,
          75389,
          10633,
          888,
          33241,
          11,
          321,
          42903,
          369,
          32894
        ],
        [
          321,
          42903,
          369,
          32894,
          13,
          24811,
          12396,
          4384,
          7233,
          75389,
          10633,
          888,
          33241,
          11,
          321,
          42903,
          369,
          32894,
          13,
          24811,
          12396,
          4384,
          7233,
          75389,
          10633,
          888,
          33241,
          11,
          321,
          42903,
          369,
          32894
        ],
        [
          321,
          42903,
          369,
          32894,
          13,
          24811,
          12396,
          4384,
          7233,
          75389,
          10633,
          888,
          33241,
          11,
          321,
          42903,
          369,
          32894,
          13,
          24811,
          12396,
          4384,
          7233,
          75389,
          10633,
          888,
          33241,
          11,
          321,
          42903,
          369,
          32894
        ],
        [
          321,
          42903,
          369,
          32894,
          13,
          24811,
          12396,
          4384,
          7233,
          75389,
          10633,
          888,
          33241,
          11,
          321,
          42903,
          369,
          32894,
          13,
          24811,
          12396,
          4384,
          7233,
          75389,
          10633,
          888,
          33241,
          11,
          321,
          42903,
          369,
          32894
        ],
        [
          321,
          42903,
          369,
          32894,
          13,
          24811,
          12396,
          4384,
          7233,
          75389,
          10633,
          888,
          33241,
          11,
          321,
          42903,
          369,
          32894,
          13,
          24811,
          12396,
          4384,
          7233,
          75389,
          10633,
          888,
          33241,
          11,
          321,
          42903,
          369,
          32894
        ],
        [
          321,
          42903,
          369,
          32894,
          13,
          24811,
          12396,
          4384,
          7233,
          75389,
          10633,
          888,
          33241,
          11,
          321,
          42903,
          369,
          32894,
          13,
          24811,
          12396,
          4384,
          7233,
          75389,
          10633,
          888,
          33241,
          11,
          321,
          42903,
          369,
          32894
        ],
        [
          321,
          42903,
          369,
          32894,
          13,
          24811,
          12396,
          4384,
          7233,
          75389,
          10633,
          888,
          33241,
          11,
          321,
          42903,
          369,
          32894,
          13,
          24811,
          12396,
          4384,
          7233,
          75389,
          10633,
          888,
          33241,
          11,
          321,
          42903,
          369,
          32894
        ],
        [
          321,
          42903,
          369,
          32894,
          13,
          24811,
          12396,
          4384,
          7233,
          75389,
          10633,
          888,
          33241,
          11,
          321,
          42903,
