{
  "model": {
    "K": 2,
    "T": 50,
    "transition_probs": [
      [
        0.9,
        0.1
      ],
      [
        0.1,
        0.9
      ]
    ],
    "init_probs": [
      0.5,
      0.5
    ],
    "emission_means": [
      -2,
      2
    ],
    "sigma_obs": 1
  },
  "data": {
    "zs_true": [
      1,
      0,
      0,
      1,
      1,
      1,
      1,
      1,
      1,
      1,
      1,
      1,
      1,
      1,
      1,
      1,
      1,
      1,
      1,
      1,
      1,
      0,
      0,
      0,
      0,
      0,
      0,
      0,
      0,
      0,
      0,
      0,
      0,
      0,
      0,
      0,
      0,
      0,
      0,
      0,
      1,
      1,
      1,
      1,
      1,
      1,
      1,
      1,
      1,
      1
    ],
    "ys": [
      0.5395057201385498,
      -1.4767405986785889,
      -1.861891195178032,
      1.2604137659072876,
      2.5441786646842957,
      2.859181046485901,
      1.109941005706787,
      2.073957711458206,
      0.9028198719024658,
      3.0937581062316895,
      2.5866727232933044,
      2.1511937081813812,
      2.4629513025283813,
      0.26495635509490967,
      1.4559224843978882,
      2.839556097984314,
      2.896608531475067,
      3.055788516998291,
      0.19672441482543945,
      2.158081963658333,
      2.679733455181122,
      -2.47600194811821,
      -1.9267768189311028,
      -2.684598386287689,
      -2.257606267929077,
      -1.509791076183319,
      -1.4547600150108337,
      -3.2881178855895996,
      -2.6897807121276855,
      -0.7784023284912109,
      -2.4197482466697693,
      -2.1747622787952423,
      -3.036221146583557,
      -1.5021766126155853,
      -1.380307376384735,
      -1.5294103026390076,
      -1.6704626679420471,
      -2.3224593102931976,
      -2.2699477672576904,
      -1.9947921829298139,
      2.6167463064193726,
      -0.2735018730163574,
      1.0751066207885742,
      3.198067307472229,
      1.6799175441265106,
      1.4787548184394836,
      2.0979177355766296,
      1.9986569829052314,
      1.212551474571228,
      2.9884597659111023
    ]
  },
  "exact_log_ml": -77.13511583666383,
  "filtering": [
    [
      0.1035838916059544,
      0.8964161083940455
    ],
    [
      0.9879898511199112,
      0.012010148880088575
    ],
    [
      0.9999282545958427,
      0.00007174540415733619
    ],
    [
      0.05493681606125544,
      0.9450631839387442
    ],
    [
      0.0000063975959876709605,
      0.9999936024040121
    ],
    [
      0.0000011991553833330116,
      0.9999988008446166
    ],
    [
      0.0013092667051038732,
      0.998690733294897
    ],
    [
      0.0000280506334352906,
      0.9999719493665651
    ],
    [
      0.002993676890685458,
      0.9970063231093138
    ],
    [
      4.817089396862834e-7,
      0.9999995182910612
    ],
    [
      0.0000035665395171206266,
      0.999996433460482
    ],
    [
      0.00002035898811678294,
      0.9999796410118827
    ],
    [
      0.000005851253284288848,
      0.9999941487467171
    ],
    [
      0.03707623709249544,
      0.962923762907503
    ],
    [
      0.0004402843238825256,
      0.9995597156761167
    ],
    [
      0.000001302086285322722,
      0.9999986979137163
    ],
    [
      0.0000010323754369526058,
      0.9999989676245633
    ],
    [
      5.46151179036999e-7,
      0.9999994538488223
    ],
    [
      0.048148576451647926,
      0.9518514235483533
    ],
    [
      0.000028660142041384087,
      0.999971339857959
    ],
    [
      0.0000024586303636044946,
      0.9999975413696331
    ],
    [
      0.9995504460659329,
      0.00044955393406615103
    ],
    [
      0.9999498449999265,
      0.000050155000072573265
    ],
    [
      0.9999975882906561,
      0.0000024117093417057343
    ],
    [
      0.999986698603303,
      0.000013301396698769991
    ],
    [
      0.999735199934928,
      0.0002648000650738355
    ],
    [
      0.9996692817802102,
      0.00033071821978781905
    ],
    [
      0.9999997837347244,
      2.1626527256359745e-7
    ],
    [
      0.9999976388171654,
      0.000002361182831550055
    ],
    [
      0.9950863521140464,
      0.004913647885954682
    ],
    [
      0.9999927411658248,
      0.000007258834173071502
    ],
    [
      0.9999814720044992,
      0.000018527995501301436
    ],
    [
      0.999999409292624,
      5.907073783026353e-7
    ],
    [
      0.9997270436786558,
      0.0002729563213436673
    ],
    [
      0.9995545723306655,
      0.00044542766933687214
    ],
    [
      0.9997542408276535,
      0.0002457591723449527
    ],
    [
      0.999860442268567,
      0.00013955773143137747
    ],
    [
      0.9999897253637027,
      0.000010274636296786828
    ],
    [
      0.9999873384027135,
      0.000012661597285948996
    ],
    [
      0.9999619389393422,
      0.00003806106066023237
    ],
    [
      0.00025599440983950077,
      0.9997440055901576
    ],
    [
      0.24956312500495267,
      0.7504368749950456
    ],
    [
      0.005769468254130397,
      0.9942305317458705
    ],
    [
      3.250683824315563e-7,
      0.9999996749316113
    ],
    [
      0.00013408643082682523,
      0.9998659135691723
    ],
    [
      0.00030011263696995936,
      0.9996998873630353
    ],
    [
      0.00002526082061408858,
      0.999974739179391
    ],
    [
      0.000037481410398452034,
      0.9999625185896011
    ],
    [
      0.0008691742767839686,
      0.999130825723212
    ],
    [
      7.204699477606033e-7,
      0.9999992795300481
    ]
  ],
  "algorithms": [
    {
      "time_ms_std": 11591.729088610102,
      "algorithm": "IS_1000",
      "method": "is",
      "time_ms": 63412.592579200005,
      "error_std": 7.451671855739706,
      "raw_ess": [
        1.0172940492630005,
        1.0175585746765137,
        1,
        1.000685453414917,
        1.10293447971344,
        1.0010135173797607,
        1.5386861562728882,
        1.7907099723815918,
        1.0018442869186401,
        1.313683271408081
      ],
      "log_ml_std": 7.451671855739707,
      "log_ml": -96.8730079650879,
      "raw_log_mls": [
        -86.73224639892578,
        -97.90776824951172,
        -95.05372619628906,
        -93.42637634277344,
        -94.99921417236328,
        -102.14395904541016,
        -111.62112426757812,
        -101.00680541992188,
        -84.5819091796875,
        -101.25695037841797
      ],
      "ess": 1.1784409761428833,
      "ess_std": 0.26581914974909937,
      "error": 19.73789212842406,
      "raw_errors": [
        9.597130562261952,
        20.77265241284789,
        17.918610359625234,
        16.29126050610961,
        17.864098335699452,
        25.008843208746327,
        34.486008430914296,
        23.871689583258046,
        7.446793343023671,
        24.12183454175414
      ],
      "particles": 1000
    },
    {
      "time_ms_std": 5054.684529577449,
      "algorithm": "SMC_100",
      "method": "smc",
      "time_ms": 22419.486445700004,
      "error_std": 0.37482239213448454,
      "raw_ess": [
        100.00000447034851,
        100.00000447034851,
        100.00000447034851,
        100.00000447034851,
        100.00000447034851,
        100.00000447034851,
        100.00000447034851,
        100.00000447034851,
        100.00000447034851,
        100.00000447034851
      ],
      "log_ml_std": 0.5796767537934466,
      "log_ml": -77.07492523193359,
      "raw_log_mls": [
        -76.06008911132812,
        -76.88255310058594,
        -76.34829711914062,
        -77.04663848876953,
        -77.42256164550781,
        -76.80570220947266,
        -77.63677978515625,
        -78.18537902832031,
        -77.1876220703125,
        -77.17362976074219
      ],
      "ess": 100.0000044703485,
      "ess_std": 1.4210854715202004e-14,
      "error": 0.44626922607421876,