{
  "model": {
    "T": 100,
    "p_change": 0.05,
    "mu_prior_std": 5,
    "sigma_obs": 1
  },
  "data": {
    "ys": [
      -1.1738314628601074,
      0.6768817901611328,
      0.4630909860134125,
      1.0796438455581665,
      -0.1646728515625,
      -0.26164501905441284,
      0.015352214686572552,
      -1.3576667308807373,
      -1.0501748323440552,
      0.0051340097561478615,
      0.9589016139507294,
      -4.609602481126785,
      -2.767078846693039,
      -2.5264534056186676,
      -1.212216466665268,
      -2.453816920518875,
      -2.139745831489563,
      -3.333129435777664,
      -1.794427216053009,
      -3.3277412950992584,
      -2.8549294769763947,
      -1.1806956231594086,
      -2.3106455206871033,
      -2.23442006111145,
      -3.4111707508563995,
      -2.4028471410274506,
      -1.3585916459560394,
      -2.230214089155197,
      -0.9812828004360199,
      -2.296037971973419,
      -3.3149185478687286,
      -3.4922514259815216,
      -0.8512789309024811,
      -0.6447296440601349,
      -1.4806230962276459,
      -1.8576168888248503,
      -2.145030051469803,
      -4.090627938508987,
      -3.0317814648151398,
      -2.986199766397476,
      -2.9438426792621613,
      -0.23487034440040588,
      -2.7883985340595245,
      3.9380891025066376,
      4.335673034191132,
      3.525766432285309,
      -0.9506372213363647,
      -2.1502915024757385,
      -0.8459219336509705,
      -0.07308262586593628,
      -1.9196392893791199,
      -1.1982657611370087,
      -2.463962435722351,
      -0.914618730545044,
      0.8107112050056458,
      -2.316420614719391,
      -1.0782166421413422,
      0.0714077353477478,
      -0.9067338109016418,
      -0.7076342105865479,
      -0.07836931943893433,
      -1.3558086901903152,
      2.3486219346523285,
      -0.6504585444927216,
      0.10705812275409698,
      0.9321849644184113,
      1.686865657567978,
      -0.29242587089538574,
      -0.10692280530929565,
      -0.35692062973976135,
      -0.5486983954906464,
      1.5524737536907196,
      -0.35166969895362854,
      -0.43672820925712585,
      -0.4505152404308319,
      0.3845437914133072,
      1.4993862807750702,
      0.6693845689296722,
      1.3289401233196259,
      0.6319495439529419,
      -2.628672033548355,
      0.6649285852909088,
      0.4214331954717636,
      -0.0064239054918289185,
      -0.022099807858467102,
      1.117358773946762,
      1.6357994973659515,
      -2.0700844824314117,
      -0.0957312285900116,
      0.2642802521586418,
      -8.46729938685894,
      -8.651912216097116,
      -8.958079159259796,
      7.18617570400238,
      8.447978734970093,
      7.680682480335236,
      8.691103219985962,
      8.240827649831772,
      6.77766489982605,
      7.648447811603546
    ],
    "true_changepoints": [
      10,
      43,
      46,
      62,
      90,
      93
    ],
    "true_segment_means": [
      0,
      -1.851857453584671,
      4.414840042591095,
      -1.5060815215110779,
      0.1805923879146576,
      -8.606692552566528,
      7.932263612747192
    ],
    "n_true_changepoints": 6
  },
  "exact_log_ml": -178.47757729349016,
  "algorithms": [
    {
      "time_ms_std": 7689.604027041715,
      "algorithm": "SMC_100",
      "method": "smc",
      "time_ms": 55992.74430566666,
      "error_std": 17.063799032265063,
      "log_ml_std": 17.063799032265063,
      "log_ml": -230.0348917643229,
      "raw_log_mls": [
        -231.10301208496094,
        -250.379150390625,
        -208.6225128173828
      ],
      "ess": 100.00000447034851,
      "ess_std": 0,
      "error": 51.55731447083276,
      "raw_errors": [
        52.62543479147078,
        71.90157309713484,
        30.144935523892656
      ],
      "particles": 100
    },
    {
      "time_ms_std": 5668.44205883018,
      "algorithm": "SMC_250",
      "method": "smc",
      "time_ms": 131209.2570693333,
      "error_std": 8.845982446107538,
      "log_ml_std": 10.164946903008131,
      "log_ml": -184.6319783528646,
      "raw_log_mls": [
        -175.80789184570312,
        -198.87208557128906,
        -179.21595764160156
      ],
      "ess": 250.0000344589388,
      "ess_std": 0,
      "error": 7.934191357899114,
      "raw_errors": [
        2.6696854477870318,
        20.394508277798906,
        0.7383803481114057
      ],
      "particles": 250
    },
    {
      "time_ms_std": 2280.4282026343694,
      "algorithm": "SMC_500",
      "method": "smc",
      "time_ms": 172645.17391633333,
      "error_std": 1.9353236884033649,
      "log_ml_std": 4.560066825856636,
      "log_ml": -181.8416951497396,
      "raw_log_mls": [
        -175.5347900390625,
        -183.82958984375,
        -186.16070556640625
      ],
      "ess": 500.0000689178783,
      "ess_std": 0,
      "error": 5.325976025867864,
      "raw_errors": [
        2.9427872544276568,
        5.352012550259843,
        7.683128272916093
      ],
      "particles": 500
    },
    {
      "time_ms_std": 19205.049016962406,
      "algorithm": "IS_1000",
      "method": "is",
      "time_ms": 95147.89152766655,
      "error_std": 16.385740440603175,
      "log_ml_std": 16.385740440603183,
      "log_ml": -442.400634765625,
      "raw_log_mls": [
        -464.8963317871094,
        -426.3365173339844,
        -435.96905517578125
      ],
      "ess": 1,
      "ess_std": 0,
      "error": 263.9230574721348,
      "raw_errors": [
        286.4187544936192,
        247.85894004049422,
        257.49147788229106
      ],
      "particles": 1000
    }
  ]
}