{
  "experiment": "exp01_compilation_ladder",
  "timestamp": "2026-03-13T06:06:46.865Z",
  "hardware": {
    "platform": "macOS",
    "chip": "Apple Silicon",
    "gpu": "Metal"
  },
  "model": {
    "name": "static-linreg",
    "n_trace_sites": 7,
    "n_obs": 5,
    "static": true
  },
  "ground_truth": {
    "slope": 1.9993241120076828,
    "intercept": 0.44114537323049063,
    "slope_std": 0.3146611860911486,
    "intercept_std": 1.0426658149550536
  },
  "results": [
    {
      "level": "L0-dynamic",
      "description": "Handler generate (dynamic model)",
      "mean_ms": 0.5722262857143018,
      "std_ms": 0.031414521247937185,
      "min_ms": 0.544667000000004,
      "max_ms": 0.632665999999972,
      "speedup_vs_L0": 1,
      "raw_times": [
        0.632665999999972,
        0.5965830000000096,
        0.5622090000000526,
        0.5628340000000662,
        0.544667000000004,
        0.5509160000000293,
        0.5557089999999789
      ]
    },
    {
      "level": "L0-static",
      "description": "Handler generate (static model)",
      "mean_ms": 0.6629941428571361,
      "std_ms": 0.018838485638237604,
      "min_ms": 0.6425000000000409,
      "max_ms": 0.6929999999999836,
      "speedup_vs_L0": 0.8630940286264441,
      "raw_times": [
        0.661916999999903,
        0.6845829999999751,
        0.6929999999999836,
        0.6542090000000371,
        0.6425000000000409,
        0.6567919999999958,
        0.6479580000000169
      ]
    },
    {
      "level": "L1",
      "description": "Compiled generate (static, schema-driven)",
      "mean_ms": 0.66619057142855,
      "std_ms": 0.043553332623551384,
      "min_ms": 0.6252919999999449,
      "max_ms": 0.7514169999999467,
      "speedup_vs_L0": 0.8589528436093665,
      "raw_times": [
        0.6327909999999974,
        0.6741250000000036,
        0.7514169999999467,
        0.6252919999999449,
        0.6862089999999625,
        0.6393330000000788,
        0.6541669999999158
      ]
    },
    {
      "level": "L2-VIS",
      "description": "Vectorized IS (1000 particles)",
      "mean_ms": 0.7180475714277625,
      "std_ms": 0.0161511693672127,
      "min_ms": 0.6962080000012065,
      "max_ms": 0.7439999999987776,
      "speedup_vs_L0": 0.7969197424851526,
      "raw_times": [
        0.7037080000009155,
        0.7273329999952693,
        0.7439999999987776,
        0.7153339999931632,
        0.7272500000035507,
        0.7125000000014552,
        0.6962080000012065
      ]
    },
    {
      "level": "L2-MH-handler",
      "description": "Handler MH loop (500 steps)",
      "mean_ms": 1131.1840500000003,
      "std_ms": 5.685291671296682,
      "min_ms": 1125.3713750000024,
      "max_ms": 1139.024958,
      "speedup_vs_L0": 0.0005058648817708326,
      "raw_times": [
        1126.2835409999998,
        1130.905084,
        1139.024958,
        1134.3352919999998,
        1125.3713750000024
      ]
    },
    {
      "level": "L2-MH-compiled",
      "description": "Compiled MH chain (500 steps)",
      "mean_ms": 73.31095019999994,
      "std_ms": 2.2889548088630365,
      "min_ms": 69.89595800000097,
      "max_ms": 75.88450000000012,
      "speedup_vs_L0": 0.007805468134749429,
      "raw_times": [
        69.89595800000097,
        72.5925419999985,
        73.40558400000009,
        74.77616699999999,
        75.88450000000012
      ]
    },
    {
      "level": "L2-HMC",
      "description": "HMC (200 samples, adapted)",
      "mean_ms": 295.1221000000005,
      "std_ms": 3.650094591748331,
      "min_ms": 291.01024999999936,
      "max_ms": 301.05270899999596,
      "speedup_vs_L0": 0.0019389475939426454,
      "raw_times": [
        294.3632910000015,
        294.78679200000624,
        294.39745799999946,
        291.01024999999936,
        301.05270899999596
      ]
    },
    {
      "level": "L3",
      "description": "Auto-conjugacy (exact posterior)",
      "mean_ms": 0.6677618571421979,
      "std_ms": 0.03239544217945737,
      "min_ms": 0.6198750000039581,
      "max_ms": 0.7103749999951106,
      "speedup_vs_L0": 0.8569316734610193,
      "raw_times": [
        0.6881659999999101,
        0.6465830000015558,
        0.7103749999951106,
        0.6523339999985183,
        0.6991669999988517,
        0.6578329999974812,
        0.6198750000039581
      ]
    },
    {
      "level": "L4-fit",
      "description": "fit API (auto-select → exact)",
      "mean_ms": 0.9748987142853106,
      "std_ms": 0.08480215644274619,
      "min_ms": 0.898750000000291,
      "max_ms": 1.1094579999989946,
      "speedup_vs_L0": 0.586959729589751,
      "raw_times": [
        0.9250000000029104,
        1.1094579999989946,
        0.9510420000005979,
        0.898750000000291,
        0.9608329999973648,
        0.9014160000006086,
        1.077791999996407
      ]
    },
    {
      "level": "L4-learn",
      "description": "fit + compiled Adam (200 iter)",
      "mean_ms": 1101.2853416000028,
      "std_ms": 196.73760852542495,
      "min_ms": 843.4973750000063,
      "max_ms": 1288.4417919999978,
      "speedup_vs_L0": 0.0005195985673276489,
      "raw_times": [
        843.4973750000063,
        953.3942910000042,
        1148.931875000002,
        1272.1613750000033,
        1288.4417919999978
      ]
    },
    {
      "level": "L4-handler-loop",
      "description": "Manual handler loop (200 iter)",
      "mean_ms": 298.99500860000114,
      "std_ms": 5.529217240573575,
      "min_ms": 293.03445900000224,
      "max_ms": 306.88637500000186,
      "speedup_vs_L0": 0.0019138322355067554,
      "raw_times": [
        293.03445900000224,
        294.44662500000413,
        300.7359589999978,
        299.87162499999977,
        306.88637500000186
      ]
    }
  ],
  "speedup_summary": {
    "L0_to_L1": 0.8589528436093665,
    "L0_to_L3": 0.8569316734610193,
    "L0_to_L4": 0.586959729589751,
    "MH_handler_to_compiled": 15.429946643905337,
    "learn_handler_to_compiled": 0.2714964027084989
  }
}