{
  "experiment": "changepoint-detection",
  "model": {
    "name": "changepoint",
    "T": 50,
    "p-change": 0.1,
    "true-changepoints": [
      12,
      30
    ],
    "true-means": [
      0,
      3,
      -2
    ],
    "description": "Sequential changepoint model with Bernoulli switches"
  },
  "data": {
    "n-obs": 50,
    "data-range": [
      -4.45802116394043,
      4.896657824516296
    ]
  },
  "results": [
    {
      "algorithm": "seq-IS-100",
      "elapsed-ms": 2737.9469169999998,
      "error": null,
      "ess": 1.0000000000102771,
      "n-particles": 100,
      "ess-ratio": 0.01000000000010277,
      "log-ml": -160.8168182373047
    },
    {
      "algorithm": "seq-IS-200",
      "elapsed-ms": 5675.272084,
      "error": null,
      "ess": 1.000000000000139,
      "n-particles": 200,
      "ess-ratio": 0.005000000000000695,
      "log-ml": -109.33328247070312
    },
    {
      "algorithm": "SMC-100",
      "elapsed-ms": 72074.824542,
      "error": null,
      "ess": 86.9999999999999,
      "n-particles": 100,
      "ess-ratio": 0.869999999999999,
      "log-ml": -129.06143188476562
    }
  ],
  "interpretation": {
    "is-collapse": "IS ESS near 1: prior proposal misses the posterior in high-dimensional discrete space",
    "smc-advantage": "SMC resamples incrementally, maintaining particle diversity across timesteps"
  }
}