{
  "experiment": "changepoint-detection",
  "model": {
    "name": "changepoint",
    "T": 50,
    "p-change": 0.1,
    "true-changepoints": [
      12,
      30
    ],
    "true-means": [
      0,
      3,
      -2
    ],
    "description": "Sequential changepoint model with Bernoulli switches"
  },
  "data": {
    "n-obs": 50,
    "data-range": [
      -4.701158046722412,
      5.447155475616455
    ]
  },
  "results": [
    {
      "algorithm": "seq-IS-100",
      "elapsed-ms": 2754.6915,
      "error": null,
      "ess": 1.0000000000069975,
      "n-particles": 100,
      "ess-ratio": 0.010000000000069975,
      "log-ml": -159.68618774414062
    },
    {
      "algorithm": "seq-IS-200",
      "elapsed-ms": 5604.663875,
      "error": null,
      "ess": 1.0000000000000004,
      "n-particles": 200,
      "ess-ratio": 0.005000000000000002,
      "log-ml": -172.59649658203125
    },
    {
      "algorithm": "SMC-100",
      "elapsed-ms": 68708.985167,
      "error": null,
      "ess": 100.00000000000006,
      "n-particles": 100,
      "ess-ratio": 1.0000000000000007,
      "log-ml": -539.9030151367188
    }
  ],
  "interpretation": {
    "is-collapse": "IS ESS near 1: prior proposal misses the posterior in high-dimensional discrete space",
    "smc-advantage": "SMC resamples incrementally, maintaining particle diversity across timesteps"
  }
}