{
  "model": {
    "K": 3,
    "N": 8,
    "component_means": [
      -4,
      0,
      4
    ],
    "sigma": 1,
    "mixing_weights": [
      0.333,
      0.333,
      0.333
    ]
  },
  "data": {
    "zs_true": [
      0,
      1,
      1,
      0,
      1,
      2,
      1,
      0
    ],
    "ys": [
      -5.683248043060303,
      1.5608179569244385,
      0.8309953212738037,
      -2.497996211051941,
      0.24098294973373413,
      3.6486556828022003,
      -0.7784401178359985,
      -4.312999963760376
    ]
  },
  "exact_log_ml": -20.38474655883587,
  "exact_modes": [
    0,
    1,
    1,
    0,
    1,
    2,
    1,
    0
  ],
  "exact_marginals": {
    "z0": {
      "0": 0.9999996004762289,
      "1": 3.995237709471976e-7,
      "2": 1.796278663822594e-20
    },
    "z1": {
      "0": 5.559968003940521e-7,
      "1": 0.8527989390057179,
      "2": 0.14720050499748163
    },
    "z2": {
      "0": 0.000011968095506389482,
      "1": 0.9907580997997549,
      "2": 0.009229932104738844
    },
    "z3": {
      "0": 0.8799529645769105,
      "1": 0.12004703358006247,
      "2": 1.8430269956515678e-9
    },
    "z4": {
      "0": 0.00012781344577549223,
      "1": 0.9989934937584029,
      "2": 0.0008786927958215366
    },
    "z5": {
      "0": 2.1022201029012438e-13,
      "1": 0.0013658347489574297,
      "2": 0.9986341652508325
    },
    "z6": {
      "0": 0.007493077192798015,
      "1": 0.9924921289226473,
      "2": 0.000014793884554670188
    },
    "z7": {
      "0": 0.9999040895649359,
      "1": 0.00009591043506295561,
      "2": 1.0352891604688349e-15
    }
  },
  "enumeration_time_ms": 2.4461670000000026,
  "algorithms": [
    {
      "time_ms_std": 16.637018927029196,
      "algorithm": "IS_1000",
      "method": "is",
      "time_ms": 3797.2005415,
      "error_std": 2.4414106982978065,
      "raw_ess": [
        3.6775944232940674,
        1.0841318368911743,
        1.0031474828720093,
        2.460674524307251,
        1.025429606437683,
        1.0313503742218018,
        1.1002410650253296,
        1.0091395378112793,
        1.6954470872879028,
        2.976854085922241
      ],
      "log_ml_std": 2.4414106982978065,
      "log_ml": -23.728634071350097,
      "raw_log_mls": [
        -27.157926559448242,
        -23.655458450317383,
        -20.565168380737305,
        -26.586576461791992,
        -20.78939437866211,
        -25.672748565673828,
        -22.51021385192871,
        -20.797447204589844,
        -23.198318481445312,
        -26.35308837890625
      ],
      "ess": 1.706401002407074,
      "ess_std": 0.9339971259905757,
      "error": 3.3438875125142262,
      "raw_errors": [
        6.773180000612371,
        3.270711891481511,
        0.18042182190143308,
        6.201829902956121,
        0.40464781982623776,
        5.2880020068379565,
        2.1254672930928393,
        0.41270064575397214,
        2.813571922609441,
        5.968341820070378
      ],
      "particles": 1000
    },
    {
      "time_ms_std": 13.514393854037456,
      "algorithm": "Vec_IS_1000",
      "method": "vectorized-is",
      "time_ms": 7.91402930000113,
      "error_std": 2.217720413738557,
      "raw_ess": [
        1.0179515063618427,
        1.3032880237663738,
        1.0453389240742275,
        2.3487410578441676,
        1.0258713464580012,
        1.914085044934877,
        1.0519487729822115,
        1.5489999276645992,
        1.0156161607707097,
        5.556822183487379
      ],
      "log_ml_std": 3.0540985162645007,
      "log_ml": -21.826516151428223,
      "raw_log_mls": [
        -18.801088333129883,
        -20.66486167907715,
        -25.220474243164062,
        -18.029090881347656,
        -18.797197341918945,
        -22.15953826904297,
        -20.776573181152344,
        -27.373491287231445,
        -20.794221878051758,
        -25.648624420166016
      ],
      "ess": 1.7828662948344391,
      "ess_std": 1.3300323399506007,
      "error": 2.547142216614577,
      "raw_errors": [
        1.5836582257059888,
        0.2801151202412768,
        4.835727684328191,
        2.3556556774882154,
        1.5875492169169263,
        1.7747917102070971,
        0.39182662231647214,
        6.988744728395574,
        0.4094753192158862,
        5.263877861330144
      ],
      "particles": 1000
    },
    {
      "time_ms_std": 222.862719877686,
      "burn": 100,
      "algorithm": "Gibbs_500",
      "raw_maes": [
        0.002955464197868196,
        0.0032224691649641265,
        0.005238454237474709,
        0.0029678210256042377,
        0.0033462489237469487,
        0.0017699345126273743,
        0.002277683246433038,
        0.00177777359622337,
        0.001690233377561572,
        0.001664608628510592
      ],
      "method": "gibbs",
      "accuracy": 1,
      "time_ms": 27403.713758500002,
      "accuracy_std": 0,
      "marginal_mae": 0.0026910690911014167,
      "sweeps": 500,
      "marginal_mae_std": 0.0010609473491771178,
      "raw_accuracies": [
        1,
        1,
        1,
        1,
        1,
        1,
        1,
        1,
        1,
        1
      ]
    }
  ]
}