{
  "model": {
    "K": 2,
    "T": 50,
    "transition_probs": [
      [
        0.9,
        0.1
      ],
      [
        0.1,
        0.9
      ]
    ],
    "init_probs": [
      0.5,
      0.5
    ],
    "emission_means": [
      -2,
      2
    ],
    "sigma_obs": 1
  },
  "data": {
    "zs_true": [
      1,
      1,
      1,
      1,
      1,
      1,
      1,
      1,
      1,
      1,
      0,
      1,
      1,
      1,
      1,
      1,
      0,
      0,
      0,
      0,
      0,
      0,
      0,
      0,
      0,
      0,
      0,
      0,
      0,
      1,
      1,
      1,
      1,
      1,
      1,
      1,
      1,
      0,
      0,
      0,
      0,
      0,
      0,
      0,
      1,
      1,
      1,
      1,
      1,
      1
    ],
    "ys": [
      1.3994871377944946,
      1.7245560586452484,
      2.3254335820674896,
      2.368074953556061,
      1.3802754878997803,
      2.857097089290619,
      2.1497849225997925,
      2.448180139064789,
      2.0336625277996063,
      0.7697895765304565,
      -2.009174147620797,
      2.0288063772022724,
      2.276435762643814,
      2.056494329124689,
      1.9545562900602818,
      3.0389351844787598,
      -2.46184241771698,
      -1.1100072860717773,
      -2.155800074338913,
      -2.6623353362083435,
      -4.2293994426727295,
      -2.9446491599082947,
      -1.8137304037809372,
      -2.319654792547226,
      -1.9015032052993774,
      -2.2765278816223145,
      -1.8805533051490784,
      -2.5933757424354553,
      -2.7465704679489136,
      2.880941867828369,
      1.5871786177158356,
      1.7719536274671555,
      2.534810185432434,
      1.345480740070343,
      1.61616912484169,
      0.7533726692199707,
      1.5767147839069366,
      -0.8626857995986938,
      -2.0112153738737106,
      -1.640236496925354,
      -1.4662172198295593,
      -3.250704765319824,
      1.0547287464141846,
      -0.33896172046661377,
      1.3349372148513794,
      1.9725419525057077,
      2.4449451863765717,
      2.893702805042267,
      1.3289103507995605,
      2.6086828112602234
    ]
  },
  "exact_log_ml": -79.10013505861403,
  "filtering": [
    [
      0.0036917777555916854,
      0.9963082222444084
    ],
    [
      0.00011585499303870996,
      0.9998841450069613
    ],
    [
      0.000010150986567496762,
      0.9999898490134324
    ],
    [
      0.000008551167667608142,
      0.9999914488323323
    ],
    [
      0.0004444401935070613,
      0.9995555598064935
    ],
    [
      0.000001213902967103125,
      0.999998786097033
    ],
    [
      0.000020473607273883247,
      0.9999795263927266
    ],
    [
      0.0000062073941812096475,
      0.9999937926058187
    ],
    [
      0.000032578692351448185,
      0.999967421307648
    ],
    [
      0.0050863608287381795,
      0.9949136391712615
    ],
    [
      0.9972237893384607,
      0.0027762106615388336
    ],
    [
      0.002618743791370702,
      0.9973812562086276
    ],
    [
      0.000012623931141419627,
      0.9999873760688573
    ],
    [
      0.00002973697242486953,
      0.9999702630275737
    ],
    [
      0.000044713720747581596,
      0.9999552862792535
    ],
    [
      5.844652515961904e-7,
      0.9999994155347489
    ],
    [
      0.9995242538518138,
      0.00047574614818618824
    ],
    [
      0.9986855636059806,
      0.001314436394019031
    ],
    [
      0.9999797795367965,
      0.00002022046320394834
    ],
    [
      0.999997364371366,
      0.0000026356286349874017
    ],
    [
      0.9999999950048561,
      4.995147351747109e-9
    ],
    [
      0.999999148121582,
      8.518784160671229e-7
    ],
    [
      0.9999214847071334,
      0.00007851529286319964
    ],
    [
      0.9999896150863284,
      0.000010384913670965902
    ],
    [
      0.9999447255823939,
      0.000055274417607825185
    ],
    [
      0.9999876623773247,
      0.000012337622676128372
    ],
    [
      0.9999398932399969,
      0.00006010675999968214
    ],
    [
      0.999996525975556,
      0.000003474024447325816
    ],
    [
      0.9999981185681512,
      0.0000018814318461233106
    ],
    [
      0.00008902007590152183,
      0.9999109799240984
    ],
    [
      0.00019444864290724166,
      0.9998055513570955
    ],
    [
      0.00009295409331284402,
      0.9999070459066903
    ],
    [
      0.00000439236072091741,
      0.9999956076392821
    ],
    [
      0.0005107555892578825,
      0.9994892444107456
    ],
    [
      0.00017381082287404513,
      0.9998261891771232
    ],
    [
      0.005436485146940687,
      0.9945635148530622
    ],
    [
      0.0002124339679003766,
      0.9997875660320966
    ],
    [
      0.7782341760559126,
      0.22176582394409014
    ],
    [
      0.9998768757789643,
      0.00012312422103678093
    ],
    [
      0.9998426808381151,
      0.00015731916188730798
    ],
    [
      0.9996843925940017,
      0.00031560740599809205
    ],
    [
      0.99999974885657,
      2.5114342834752963e-7
    ],
    [
      0.11694408161373021,
      0.8830559183862726
    ],
    [
      0.4822011718878059,
      0.5177988281121964
    ],
    [
      0.004510976204959745,
      0.995489023795046
    ],
    [
      0.00004327368059852843,
      0.9999567263194046
    ],
    [
      0.000006289512359266779,
      0.9999937104876413
    ],
    [
      0.0000010444909332355469,
      0.9999989555090619
    ],
    [
      0.000545721073994696,
      0.9994542789260097
    ],
    [
      0.00000328180285773337,
      0.9999967181971378
    ]
  ],
  "algorithms": [
    {
      "time_ms_std": 129.1819538346503,
      "algorithm": "IS_1000",
      "method": "is",
      "time_ms": 25567.57812929999,
      "error_std": 14.094198414642777,
      "raw_ess": [
        1,
        1.0047134160995483,
        1.0011922121047974,
        1,
        1.0003942251205444,
        1.0000300407409668,
        1.8154661655426025,
        1.0102179050445557,
        1.6214475631713867,
        1
      ],
      "log_ml_std": 14.094198414642777,
      "log_ml": -113.32925643920899,
      "raw_log_mls": [
        -81.53753662109375,
        -116.59644317626953,
        -109.43610382080078,
        -107.75704193115234,
        -121.99513244628906,
        -110.94215393066406,
        -122.68254852294922,
        -138.5926055908203,
        -119.22947692871094,
        -104.52352142333984
      ],
      "ess": 1.1453461527824402,
      "ess_std": 0.28983707478344917,
      "error": 34.22912138059496,
      "raw_errors": [
        2.437401562479721,
        37.4963081176555,
        30.335968762186752,
        28.656906872538315,
        42.89499738767503,
        31.842018872050033,
        43.58241346433519,
        59.49247053220628,
        40.12934187009691,
        25.423386364725815
      ],
      "particles": 1000
    },
    {
      "time_ms_std": 109.54898505659132,
      "algorithm": "SMC_100",
      "method": "smc",
      "time_ms": 6861.199350000001,
      "error_std": 0.7123917279164652,
      "raw_ess": [
        100.00000447034851,
        100.00000447034851,
        100.00000447034851,
        100.00000447034851,
        100.00000447034851,
        100.00000447034851,
        100.00000447034851,
        100.00000447034851,
        100.00000447034851,
        100.00000447034851
      ],
      "log_ml_std": 1.0976071107789611,
      "log_ml": -79.44851226806641,
      "raw_log_mls": [
        -81.65902709960938,
        -77.70181274414062,
        -80.70684051513672,
        -79.84580993652344,
        -79.3114242553711,
        -79.99624633789062,
        -78.43002319335938,
        -78.8066635131836,
        -78.68008422851562,
        -79.3471908569336
      ],
      "ess": 100.0000044703485,
      "ess_std": 1.4210854715202004e-14,
      "error": 0.9047685205037567,