{
  "description": "MCMC with analytical elimination: conjugate params marginalized during regenerate",
  "dimension-reduction": "5D -> 2D",
  "observations": {
    "y1": 2.5,
    "y2": -1,
    "y3": 0.5,
    "z0": 3.1,
    "z1": 5.2,
    "z2": 6.8,
    "z3": 9.1,
    "z4": 10.9
  },
  "true_values": {
    "scale": 2,
    "offset": 1
  },
  "speedup": 1.0265625747384275,
  "hardware": {
    "platform": "macOS",
    "chip": "Apple Silicon",
    "gpu": "Metal"
  },
  "experiment": "l3.5-regenerate-analytical",
  "conditions": {
    "full-mh-5d": {
      "samples": 500,
      "burn": 100,
      "timing-ms": 14445.074792,
      "acceptance-rate": 0.515,
      "ess": {
        "scale": 169.1373177294004,
        "offset": 172.06569561463172,
        "mu1": 181.78563386432566,
        "mu2": 191.19844195604233,
        "mu3": 186.49939563693144
      },
      "posterior-means": {
        "scale": 2.155236091852188,
        "offset": 0.5299955520629883,
        "mu1": 2.5042310582399367,
        "mu2": -0.8809755869209767,
        "mu3": 0.6718106640893966
      },
      "posterior-stds": {
        "scale": 0.27198402192069576,
        "offset": 0.9023460349864174,
        "mu1": 0.9655344989026685,
        "mu2": 0.9148587335299883,
        "mu3": 0.827950200408399
      }
    },
    "analytical-mh-2d": {
      "samples": 500,
      "burn": 100,
      "timing-ms": 14071.304709,
      "acceptance-rate": 0.445,
      "ess": {
        "scale": 170.10611726051116,
        "offset": 170.74938003376522,
        "mu1": 189.36451042689237,
        "mu2": 183.97037240121273,
        "mu3": 185.849874730632
      },
      "posterior-means": {
        "scale": 1.9642961540222168,
        "offset": 1.2205781345367432,
        "mu1": 2.456704587161541,
        "mu2": -0.4802372339372523,
        "mu3": 0.4907963197901845
      },
      "posterior-stds": {
        "scale": 0.26367149782916655,
        "offset": 0.8352871296800827,
        "mu1": 0.9186877025111543,
        "mu2": 0.9529389732821765,
        "mu3": 0.9127089393463947
      },
      "eliminated-dims": 3
    }
  },
  "timestamp": "2026-06-13T08:59:35.980Z",
  "model": "3 conjugate + 2 non-conjugate params"
}