{
  "description": "MCMC with analytical elimination: conjugate params marginalized during regenerate",
  "dimension-reduction": "5D -> 2D",
  "observations": {
    "y1": 2.5,
    "y2": -1,
    "y3": 0.5,
    "z0": 3.1,
    "z1": 5.2,
    "z2": 6.8,
    "z3": 9.1,
    "z4": 10.9
  },
  "true_values": {
    "scale": 2,
    "offset": 1
  },
  "speedup": 1.0199335316913334,
  "hardware": {
    "platform": "macOS",
    "chip": "Apple Silicon",
    "gpu": "Metal"
  },
  "experiment": "l3.5-regenerate-analytical",
  "conditions": {
    "full-mh-5d": {
      "samples": 500,
      "burn": 100,
      "timing-ms": 13880.274625,
      "acceptance-rate": 0.475,
      "ess": {
        "scale": 169.62228995759386,
        "offset": 169.62719888203122,
        "mu1": 183.989433985959,
        "mu2": 186.82175483776382,
        "mu3": 196.41578316965703
      },
      "posterior-means": {
        "scale": 1.833324258327484,
        "offset": 1.5808647623062133,
        "mu1": 2.076410097002983,
        "mu2": -0.9670253955926746,
        "mu3": 0.6934615700300782
      },
      "posterior-stds": {
        "scale": 0.36004891655855,
        "offset": 1.1586956632427672,
        "mu1": 1.1641403860047148,
        "mu2": 0.7798650969229916,
        "mu3": 1.138978052013477
      }
    },
    "analytical-mh-2d": {
      "samples": 500,
      "burn": 100,
      "timing-ms": 13608.999208000001,
      "acceptance-rate": 0.3283333333333333,
      "ess": {
        "scale": 170.66285389833448,
        "offset": 174.11828206442505,
        "mu1": 266.19408055216564,
        "mu2": 304.4013517097587,
        "mu3": 238.76263013243502
      },
      "posterior-means": {
        "scale": 1.85734077501297,
        "offset": 1.5068973846435547,
        "mu1": 2.4679530889987946,
        "mu2": -1.0022915535271169,
        "mu3": 0.4805081475228071
      },
      "posterior-stds": {
        "scale": 0.296357647476949,
        "offset": 0.8524527666588977,
        "mu1": 0.16379419462740255,
        "mu2": 0.20714935816542218,
        "mu3": 0.2884326739897198
      },
      "eliminated-dims": 3
    }
  },
  "timestamp": "2026-06-07T19:40:12.207Z",
  "model": "3 conjugate + 2 non-conjugate params"
}