{
  "bean": "genmlx-mdet",
  "model": "/home/robert/.cache/huggingface/hub/models--mlx-community--Ornith-1.0-35B-4bit/snapshots/781f91090809411b7fc07449817f398a99feb188",
  "T": 512,
  "n-runs": 10,
  "modes": [
    "baseline",
    "decode"
  ],
  "results": {
    "baseline": {
      "ms": [
        2642.653112,
        2290.202102999996,
        2325.2706169999947,
        2317.939016000004,
        2385.464132000001,
        2346.725391,
        2274.687822999993,
        2314.6419890000034,
        2213.566626,
        2296.9572899999985
      ],
      "divergent": [],
      "analysis": [
        {
          "label": "logits",
          "distinct": 1,
          "spread": 0
        },
        {
          "label": "logits-last",
          "distinct": 1,
          "spread": 0
        }
      ]
    },
    "decode": {
      "distinct-token-seqs": 1,
      "first-divergent-step": null,
      "per-step-distinct": [
        1,
        1,
        1,
        1,
        1,
        1,
        1,
        1,
        1,
        1,
        1,
        1,
        1,
        1,
        1,
        1,
        1,
        1,
        1,
        1,
        1,
        1,
        1,
        1,
        1,
        1,
        1,
        1,
        1,
        1,
        1,
        1
      ],
      "token-seqs": [
        [
          321,
          42903,
          369,
          32894,
          13,
          24811,
          12396,
          4384,
          7233,
          75389,
          10633,
          888,
          33241,
          11,
          321,
          42903,
          369,
          32894,
          13,
          24811,
          12396,
          4384,
          7233,
          75389,
          10633,
          888,
          33241,
          11,
          321,
          42903,
          369,
          32894
        ],
        [
          321,
          42903,
          369,
          32894,
          13,
          24811,
          12396,
          4384,
          7233,
          75389,
          10633,
          888,
          33241,
          11,
          321,
          42903,
          369,
          32894,
          13,
          24811,
          12396,
          4384,
          7233,
          75389,
          10633,
          888,
          33241,
          11,
          321,
          42903,
          369,
          32894
        ],
        [
          321,
          42903,
          369,
          32894,
          13,
          24811,
          12396,
          4384,
          7233,
          75389,
          10633,
          888,
          33241,
          11,
          321,
          42903,
          369,
          32894,
          13,
          24811,
          12396,
          4384,
          7233,
          75389,
          10633,
          888,
          33241,
          11,
          321,
          42903,
          369,
          32894
        ],
        [
          321,
          42903,
          369,
          32894,
          13,
          24811,
          12396,
          4384,
          7233,
          75389,
          10633,
          888,
          33241,
          11,
          321,
          42903,
          369,
          32894,
          13,
          24811,
          12396,
          4384,
          7233,
          75389,
          10633,
          888,
          33241,
          11,
          321,
          42903,
          369,
          32894
        ],
        [
          321,
          42903,
          369,
          32894,
          13,
          24811,
          12396,
          4384,
          7233,
          75389,
          10633,
          888,
          33241,
          11,
          321,
          42903,
          369,
          32894,
          13,
          24811,
          12396,
          4384,
          7233,
          75389,
          10633,
          888,
          33241,
          11,
          321,
          42903,
          369,
          32894
        ],
        [
          321,
          42903,
          369,
          32894,
          13,
          24811,
          12396,
          4384,
          7233,
          75389,
          10633,
          888,
          33241,
          11,
          321,
          42903,
          369,
          32894,
          13,
          24811,
          12396,
          4384,
          7233,
          75389,
          10633,
          888,
          33241,
          11,
          321,
          42903,
          369,
          32894
        ],
        [
          321,
          42903,
          369,
          32894,
          13,
          24811,
          12396,
          4384,
          7233,
          75389,
          10633,
          888,
          33241,
          11,
          321,
          42903,
          369,
          32894,
          13,
          24811,
          12396,
          4384,
          7233,
          75389,
          10633,
          888,
          33241,
          11,
          321,
          42903,
          369,
          32894
        ],
        [
          321,
          42903,
          369,
          32894,
          13,
          24811,
          12396,
          4384,
          7233,
          75389,
          10633,
          888,
          33241,
          11,
          321,
          42903,
          369,
          32894,
          13,
          24811,
          12396,
          4384,
          7233,
          75389,
          10633,
          888,
          33241,
          11,
          321,
          42903,
          369,
          32894
        ],
        [
          321,
          42903,
          369,
          32894,
          13,
          24811,
          12396,
          4384,
          7233,
          75389,
          10633,
          888,
          33241,
          11,
          321,
          42903,
          369,
          32894,
          13,
          24811,
          12396,
          4384,
          7233,
          75389,
          10633,
          888,
          33241,
          11,
          321,
          42903,
          369,
          32894
        ],
        [
          321,
          42903,
          369,
          32894,
          13,
          24811,
          12396,
          4384,
          7233,
          75389,
          10633,
          888,
          33241,
          11,
          321,
          42903,
          369,
          32894,
          13,
          24811,
          12396,
          4384,
          7233,
          75389,
          10633,
          888,
          33241,
          11,
          321,
          42903,
          369,
          32894
        ]
      ]
    }
  }
}