{
  "description": "Analytical elimination exactness: mu1, mu2 marginalized (sigma sampled but irrelevant to the marginal). |L3 log-ML − closed form|.",
  "config": {
    "n_particles": 50,
    "n_trials": 3
  },
  "conjugate-sites": [
    "mu1",
    "mu2"
  ],
  "experiment": "rao-blackwell",
  "closed-form-log-ml": -9.122093866748413,
  "conditions": {
    "L2-no-analytical": {
      "log-ml-mean": -9.760964741124676,
      "log-ml-std": 2.167964229451776,
      "log-ml-var": 4.700068900182432,
      "log-ml-abs-error-nats": 0.6388708743762628,
      "ess-mean": 1.4472544663638118,
      "timing-ms": 1.3551526666666405,
      "timing-std-ms": 0.033649779870524525
    },
    "L3-with-analytical": {
      "log-ml-mean": -9.12209415435791,
      "log-ml-std": 0,
      "log-ml-var": 0,
      "log-ml-abs-error-nats": 2.876094971071552e-7,
      "ess-mean": 50,
      "timing-ms": 1.4097223333333393,
      "timing-std-ms": 0.09728492969794388
    }
  },
  "ess-improvement": 34.54817460375414,
  "timestamp": "2026-06-13T08:57:22.658Z",
  "non-conjugate-sites": [
    "sigma"
  ],
  "model": "mixed: 2 NN-conjugate + 1 non-conjugate"
}