{
  "model": {
    "T": 100,
    "p_change": 0.05,
    "mu_prior_std": 5,
    "sigma_obs": 1
  },
  "data": {
    "ys": [
      -1.2555663585662842,
      -0.8889470100402832,
      -0.8856428265571594,
      0.6276997327804565,
      0.1924733966588974,
      -0.1196100264787674,
      -0.805687427520752,
      0.7614887356758118,
      -1.1316287517547607,
      1.342230200767517,
      -1.956699427217245,
      1.7042636312544346,
      -1.0059398375451565,
      -0.20971368998289108,
      -1.4986910186707973,
      0.4791930951178074,
      0.4008094109594822,
      0.9721592105925083,
      -1.9037355743348598,
      -0.8311754427850246,
      -1.1192818842828274,
      -0.606450404971838,
      0.7674281038343906,
      0.3314080871641636,
      0.09107357636094093,
      -0.6470730267465115,
      0.5571689046919346,
      -1.2408872209489346,
      0.6792486943304539,
      0.5324215330183506,
      0.9804120697081089,
      0.010311190038919449,
      -0.47362836822867393,
      0.7552206553518772,
      -0.9099752269685268,
      -0.1092684268951416,
      0.6058099307119846,
      -1.0371625386178493,
      1.2804150022566319,
      1.3082705177366734,
      -0.5395612977445126,
      0.16145766153931618,
      -0.17746825516223907,
      -1.5243633091449738,
      -0.6808612048625946,
      -4.381947964429855,
      5.716094255447388,
      8.065891027450562,
      7.0210724622011185,
      6.928784057497978,
      5.419108033180237,
      8.163108468055725,
      8.24124002456665,
      7.76508641242981,
      6.735511526465416,
      6.486006021499634,
      7.300813734531403,
      7.438408613204956,
      7.331029832363129,
      6.255830883979797,
      7.793645143508911,
      7.551482200622559,
      1.514970600605011,
      3.222926139831543,
      1.6035512685775757,
      1.7157270908355713,
      1.4834496974945068,
      1.2167555689811707,
      1.4356110095977783,
      1.7023296356201172,
      1.5779474377632141,
      -0.18423497676849365,
      2.0244717448949814,
      1.4156475067138672,
      1.6348496675491333,
      2.487553983926773,
      2.5146471858024597,
      1.1594862937927246,
      1.7854739427566528,
      1.9741553887724876,
      1.8230038285255432,
      1.4245661497116089,
      1.537712574005127,
      0.7550990581512451,
      3.9665180444717407,
      1.2955209016799927,
      1.385685682296753,
      2.248925730586052,
      1.4219337701797485,
      1.0716331601142883,
      -3.2809812426567078,
      -4.680497258901596,
      -3.8622582256793976,
      -3.979541838169098,
      -4.4184882044792175,
      -5.230877220630646,
      -3.440399706363678,
      -2.131079077720642,
      -0.9325374960899353,
      -0.7819564938545227
    ],
    "true_changepoints": [
      10,
      43,
      46,
      62,
      90,
      93
    ],
    "true_segment_means": [
      0,
      -0.16944652423262596,
      -2.114768475294113,
      6.820275187492371,
      2.0635098218917847,
      -4.319523274898529,
      -2.872057259082794
    ],
    "n_true_changepoints": 6
  },
  "exact_log_ml": -162.65243785936298,
  "algorithms": [
    {
      "time_ms_std": 112.48894296777566,
      "algorithm": "SMC_100",
      "method": "smc",
      "time_ms": 15540.041791666668,
      "error_std": 2.0531313993958906,
      "log_ml_std": 2.05313139939589,
      "log_ml": -176.60033671061197,
      "raw_log_mls": [
        -176.81932067871094,
        -173.9834442138672,
        -178.9982452392578
      ],
      "ess": 100.00000447034851,
      "ess_std": 0,
      "error": 13.947898851249002,
      "raw_errors": [
        14.166882819347961,
        11.331006354504211,
        16.345807379894836
      ],
      "particles": 100
    },
    {
      "time_ms_std": 315.3039779188614,
      "algorithm": "SMC_250",
      "method": "smc",
      "time_ms": 34796.09508366667,
      "error_std": 4.918677736371765,
      "log_ml_std": 6.030113280280654,
      "log_ml": -166.69770304361978,
      "raw_log_mls": [
        -174.9495086669922,
        -160.7078857421875,
        -164.4357147216797
      ],
      "ess": 250.0000344589388,
      "ess_std": 0,
      "error": 5.3416332623738,
      "raw_errors": [
        12.297070807629211,
        1.9445521171754763,
        1.7832768623167112
      ],
      "particles": 250
    },
    {
      "time_ms_std": 1421.9059832360638,
      "algorithm": "SMC_500",
      "method": "smc",
      "time_ms": 66399.423347,
      "error_std": 1.3484401184148178,
      "log_ml_std": 1.3758284027299343,
      "log_ml": -161.57168579101562,
      "raw_log_mls": [
        -162.37649536132812,
        -162.7034149169922,
        -159.63514709472656
      ],
      "ess": 500.0000689178783,
      "ess_std": 0,
      "error": 1.114736773433492,
      "raw_errors": [
        0.27594249803485127,
        0.05097705762921123,
        3.0172907646364138
      ],
      "particles": 500
    },
    {
      "time_ms_std": 17.982789099661193,
      "algorithm": "IS_1000",
      "method": "is",
      "time_ms": 47203.22679133333,
      "error_std": 21.38844756338633,
      "log_ml_std": 21.38844756338633,
      "log_ml": -368.3695068359375,
      "raw_log_mls": [
        -395.9537658691406,
        -343.8288879394531,
        -365.32586669921875
      ],
      "ess": 1.0002360741297405,
      "ess_std": 0.00032345274741967726,
      "error": 205.71706897657452,
      "raw_errors": [
        233.30132800977765,
        181.17645008009015,
        202.67342883985577
      ],
      "particles": 1000
    }
  ]
}