{
  "model": {
    "K": 3,
    "N": 8,
    "component_means": [
      -4,
      0,
      4
    ],
    "sigma": 1,
    "mixing_weights": [
      0.333,
      0.333,
      0.333
    ]
  },
  "data": {
    "zs_true": [
      0,
      2,
      1,
      1,
      1,
      1,
      1,
      0
    ],
    "ys": [
      -5.256590008735657,
      5.984087824821472,
      -1.9749641418457031,
      0.2120625227689743,
      0.3809721767902374,
      0.43554872274398804,
      -0.841179370880127,
      -4.9354753494262695
    ]
  },
  "exact_log_ml": -21.171197198588214,
  "exact_modes": [
    0,
    2,
    1,
    1,
    1,
    1,
    1,
    0
  ],
  "exact_marginals": {
    "z0": {
      "0": 0.99999779847936,
      "1": 0.000002201520639786486,
      "2": 5.454246586669009e-19
    },
    "z1": {
      "0": 1.6186366718912263e-21,
      "1": 1.1993074098813223e-7,
      "2": 0.9999998800692592
    },
    "z2": {
      "0": 0.47498501297189244,
      "1": 0.5250149217223192,
      "2": 6.530578837115408e-8
    },
    "z3": {
      "0": 0.00014349981868797798,
      "1": 0.9990737340614695,
      "2": 0.00078276611984219
    },
    "z4": {
      "0": 0.00007296721847814944,
      "1": 0.9983897254289825,
      "2": 0.0015373073525392627
    },
    "z5": {
      "0": 0.000058635681836413424,
      "1": 0.9980296929537801,
      "2": 0.001911671364383552
    },
    "z6": {
      "0": 0.009610004454389644,
      "1": 0.9903785095904518,
      "2": 0.000011485955158711396
    },
    "z7": {
      "0": 0.9999920465865061,
      "1": 0.000007953413493892023,
      "2": 7.118670105465543e-18
    }
  },
  "enumeration_time_ms": 2.3385000000000105,
  "algorithms": [
    {
      "time_ms_std": 14.487787304553986,
      "algorithm": "IS_1000",
      "method": "is",
      "time_ms": 3840.9125083999998,
      "error_std": 1.9196069123991006,
      "raw_ess": [
        2.213559627532959,
        2.352179527282715,
        1.316044807434082,
        1.002090334892273,
        1.8837871551513672,
        1.7924301624298096,
        2.589033365249634,
        2.0430490970611572,
        2.0229623317718506,
        1.150070309638977
      ],
      "log_ml_std": 2.9651128956393165,
      "log_ml": -24.916075897216796,
      "raw_log_mls": [
        -25.67975616455078,
        -28.437646865844727,
        -24.436248779296875,
        -19.947526931762695,
        -25.9928035736084,
        -26.884658813476562,
        -25.607486724853516,
        -28.413660049438477,
        -19.249692916870117,
        -24.51127815246582
      ],
      "ess": 1.8365206718444824,
      "ess_std": 0.49943103346808543,
      "error": 4.373913608337306,
      "raw_errors": [
        4.5085589659625676,
        7.266449667256513,
        3.2650515807086613,
        1.2236702668255184,
        4.821606375020185,
        5.713461614888349,
        4.436289526265302,
        7.242462850850263,
        1.9215042817180965,
        3.3400809538776066
      ],
      "particles": 1000
    },
    {
      "time_ms_std": 0.47320457876120603,
      "algorithm": "Vec_IS_1000",
      "method": "vectorized-is",
      "time_ms": 3.3990500000014436,
      "error_std": 2.9073252722429177,
      "raw_ess": [
        1.0875694642987395,
        2.798187382322457,
        2.3021375066570458,
        1.3987931340534197,
        1.321755042402777,
        2.96796604577714,
        1.0061225461265555,
        1.8695126708192544,
        1.004000255008246,
        2.610077453719423
      ],
      "log_ml_std": 3.4996731533604404,
      "log_ml": -25.16302375793457,
      "raw_log_mls": [
        -26.381969451904297,
        -28.155189514160156,
        -23.914247512817383,
        -24.40022087097168,
        -24.434123992919922,
        -25.27387809753418,
        -20.04566192626953,
        -32.61635208129883,
        -20.046716690063477,
        -26.36187744140625
      ],
      "ess": 1.836612150118506,
      "ess_std": 0.7363027413855474,
      "error": 4.4418297155150395,
      "raw_errors": [
        5.210772253316083,
        6.9839923155719426,
        2.743050314229169,
        3.229023672383466,
        3.262926794331708,
        4.102680898945966,
        1.1255352723186824,
        11.445154882710614,
        1.1244805085247371,
        5.190680242818036
      ],
      "particles": 1000
    },
    {
      "time_ms_std": 270.7198745027512,
      "burn": 100,
      "algorithm": "Gibbs_500",
      "raw_maes": [
        0.0010054503201918016,
        0.0015936409256559565,
        0.0014368093914390004,
        0.0037701427247723318,
        0.0006671681612284586,
        0.0012604064099992584,
        0.004498009098692892,
        0.0018485970154634129,
        0.0025078442311426067,
        0.002407712055016686
      ],
      "method": "gibbs",
      "accuracy": 0.9875,
      "time_ms": 26788.481154400004,
      "accuracy_std": 0.0375,
      "marginal_mae": 0.0020995780333602403,
      "sweeps": 500,
      "marginal_mae_std": 0.0011625934128433836,
      "raw_accuracies": [
        1,
        1,
        1,
        1,
        1,
        1,
        1,
        1,
        1,
        0.875
      ]
    }
  ]
}