{
  "model": {
    "K": 2,
    "T": 50,
    "transition_probs": [
      [
        0.9,
        0.1
      ],
      [
        0.1,
        0.9
      ]
    ],
    "init_probs": [
      0.5,
      0.5
    ],
    "emission_means": [
      -2,
      2
    ],
    "sigma_obs": 1
  },
  "data": {
    "zs_true": [
      0,
      0,
      0,
      0,
      0,
      0,
      0,
      0,
      1,
      1,
      1,
      1,
      1,
      1,
      0,
      0,
      0,
      0,
      0,
      0,
      0,
      0,
      0,
      0,
      0,
      0,
      0,
      0,
      0,
      0,
      0,
      0,
      0,
      0,
      0,
      0,
      0,
      0,
      0,
      0,
      0,
      0,
      0,
      0,
      0,
      0,
      1,
      1,
      0,
      0
    ],
    "ys": [
      -3.119449257850647,
      -2.764630615711212,
      -2.006892857607454,
      -2.1467550843954086,
      -1.939767275005579,
      -2.3391949832439423,
      -1.2282598614692688,
      -2.581325352191925,
      1.8037034422159195,
      1.444092333316803,
      3.4869625568389893,
      2.9087328910827637,
      2.36205992102623,
      3.099902629852295,
      -1.7804803103208542,
      0.4764695167541504,
      -2.9652918577194214,
      -2.200175479054451,
      -3.0639196634292603,
      -1.212056279182434,
      0.2917344570159912,
      -1.6178475320339203,
      -2.3659311830997467,
      -1.299843430519104,
      -2.8423327207565308,
      -2.8465270400047302,
      -1.5516161620616913,
      -2.1426116973161697,
      -1.8786918595433235,
      -2.2584263384342194,
      -1.4464808106422424,
      -0.8714498281478882,
      -2.5865344405174255,
      -1.3352431058883667,
      -2.2330259829759598,
      -0.7621382474899292,
      -1.997580879367888,
      -2.806935727596283,
      -1.641158401966095,
      -1.5035520195960999,
      -0.2389686107635498,
      -2.1236809715628624,
      -0.7121641635894775,
      -2.570862114429474,
      -2.4939238131046295,
      -2.283341646194458,
      2.685109257698059,
      2.2859482169151306,
      -2.967867612838745,
      -4.0275537967681885
    ]
  },
  "exact_log_ml": -80.60734379585696,
  "filtering": [
    [
      0.9999961896931794,
      0.0000038103068206388
    ],
    [
      0.9999982496852368,
      0.0000017503147631205428
    ],
    [
      0.9999637407743877,
      0.00003625922561233895
    ],
    [
      0.9999792703057778,
      0.00002072969422176684
    ],
    [
      0.9999525653158062,
      0.000047434684194025336
    ],
    [
      0.9999903985126702,
      0.00000960148732980824
    ],
    [
      0.999183917491911,
      0.00081608250808912
    ],
    [
      0.9999963299179738,
      0.000003670082026456613
    ],
    [
      0.006576712696913704,
      0.9934232873030872
    ],
    [
      0.00036456011154098494,
      0.9996354398884592
    ],
    [
      9.76536736074104e-8,
      0.9999999023463259
    ],
    [
      9.834920749789158e-7,
      0.9999990165079251
    ],
    [
      0.000008758689382775339,
      0.9999912413106162
    ],
    [
      4.5783466933475204e-7,
      0.999999542165332
    ],
    [
      0.9927874980112343,
      0.007212501988767297
    ],
    [
      0.5569562095747188,
      0.44304379042528036
    ],
    [
      0.9999941199203273,
      0.000005880079672778152
    ],
    [
      0.9999832630375552,
      0.000016736962443191323
    ],
    [
      0.9999994712525838,
      5.287474149116393e-7
    ],
    [
      0.9991293896004926,
      0.0008706103995074944
    ],
    [
      0.7354732585930372,
      0.2645267414069648
    ],
    [
      0.9993001470007421,
      0.0006998529992545115
    ],
    [
      0.9999913222865685,
      0.000008677713431763997
    ],
    [
      0.9993869930972153,
      0.0006130069027852996
    ],
    [
      0.9999987103241356,
      0.0000012896758670810603
    ],
    [
      0.9999987386431283,
      0.0000012613568706167702
    ],
    [
      0.9997760084052518,
      0.00022399159474864578
    ],
    [
      0.999978888719204,
      0.000021111280795745422
    ],
    [
      0.999939439333072,
      0.000060560666924899044
    ],
    [
      0.9999867353107179,
      0.00001326468928013259
    ],
    [
      0.9996589123456887,
      0.0003410876543085206
    ],
    [
      0.9965980396162019,
      0.003401960383794781
    ],
    [
      0.9999963232654443,
      0.0000036767345571228615
    ],
    [
      0.9994679092771908,
      0.0005320907228091795
    ],
    [
      0.9999852552354077,
      0.000014744764591379918
    ],
    [
      0.9947572184051972,
      0.005242781594799572
    ],
    [
      0.9999606033522135,
      0.000039396647783167744
    ],
    [
      0.9999985217015406,
      0.0000014782984572465782
    ],
    [
      0.999843429101964,
      0.00015657089803257297
    ],
    [
      0.9997281645290622,
      0.00027183547093562264
    ],
    [
      0.9589357056850828,
      0.04106429431491377
    ],
    [
      0.9999686637211405,
      0.000031336278858957186
    ],
    [
      0.9936035981935502,
      0.006396401806452762
    ],
    [
      0.999995983381391,
      0.00000401661860929756
    ],
    [
      0.9999948312997158,
      0.000005168700289644676
    ],
    [
      0.9999879994397256,
      0.00001200056027613739
    ],
    [
      0.00019480452383516183,
      0.9998051954761595
    ],
    [
      0.000011896111885818069,
      0.9999881038881177
    ],
    [
      0.9999371283044294,
      0.00006287169557232352
    ],
    [
      0.999999988794727,
      1.1205276640391789e-8
    ]
  ],
  "algorithms": [
    {
      "time_ms_std": 128.62885905394637,
      "algorithm": "IS_1000",
      "method": "is",
      "time_ms": 25788.6098669,
      "error_std": 9.606297326066658,
      "raw_ess": [
        1.004866361618042,
        1,
        1.0010793209075928,
        1.0043870210647583,
        1.0153142213821411,
        1.0200103521347046,
        1.0012325048446655,
        1.2685303688049316,
        1,
        2.0389530658721924
      ],
      "log_ml_std": 9.606297326066658,
      "log_ml": -112.68122634887695,
      "raw_log_mls": [
        -119.1579360961914,
        -98.1033706665039,
        -112.99989318847656,
        -111.09236145019531,
        -126.07744598388672,
        -122.94577026367188,
        -112.50112915039062,
        -122.08735656738281,
        -98.1033706665039,
        -103.7436294555664
      ],
      "ess": 1.1354373216629028,
      "ess_std": 0.3112522934957532,
      "error": 32.073882553019985,
      "raw_errors": [
        38.55059230033444,
        17.496026870646944,
        32.3925493926196,
        30.48501765433835,
        45.470102188029756,
        42.33842646781491,
        31.893785354533662,
        41.48001277152585,
        17.496026870646944,
        23.136285659709444
      ],
      "particles": 1000
    },
    {
      "time_ms_std": 203.9702732074348,
      "algorithm": "SMC_100",
      "method": "smc",
      "time_ms": 7131.247187399999,
      "error_std": 0.19176734957106356,
      "raw_ess": [
        100.00000447034851,
        100.00000447034851,
        100.00000447034851,
        100.00000447034851,
        100.00000447034851,
        100.00000447034851,
        100.00000447034851,
        100.00000447034851,
        100.00000447034851,
        100.00000447034851
      ],
      "log_ml_std": 0.30109011256730894,
      "log_ml": -80.64867248535157,
      "raw_log_mls": [
        -80.28292846679688,
        -80.5849609375,
        -81.05723571777344,
        -80.67662811279297,
        -80.38643646240234,
        -81.18318176269531,
        -80.60072326660156,
        -80.22576904296875,
        -80.89783477783203,
        -80.59102630615234
      ],
      "ess": 100.0000044703485,
      "ess_std": 1.4210854715202004e-14,
      "error": 0.23577234803858005,