{
  "std_time": 0.000149809019386662,
  "mean_time": 0.01527288330000003,
  "variant": "per_site",
  "method": "importance_sampling",
  "n_particles": 10000,
  "times": [
    0.015129208999999477,
    0.014937957999999973,
    0.015070417000000447,
    0.015208832999999977,
    0.015349875000000068,
    0.015406249999999844,
    0.015309709000000282,
    0.015635583000000786,
    0.015316499999999955,
    0.015418040999999327,
    0.015135416999999762,
    0.015336125000000145,
    0.015421207999999353,
    0.015302334000001139,
    0.015299332999999748,
    0.015163000000001148,
    0.015217792000001396,
    0.015180208000000306,
    0.015213915999998662,
    0.015405957999998776
  ],
  "n_features": 25,
  "n_points": 50,
  "framework": "genmlx"
}