{
  "std_time": 0.00002763430035404138,
  "mean_time": 0.0012961416500004929,
  "variant": "gaussian_vec",
  "method": "importance_sampling",
  "n_particles": 10000,
  "times": [
    0.001263375000007727,
    0.0013122499999838055,
    0.001277666000021327,
    0.0013180419999798687,
    0.0012698750000197379,
    0.0013212080000073456,
    0.001317292000010184,
    0.001320250000020451,
    0.0013297919999786245,
    0.0012944159999790372,
    0.0013225000000147702,
    0.0012853329999984453,
    0.0013225829999896632,
    0.0013337499999863667,
    0.0012731669999936912,
    0.0012870830000224487,
    0.0013072499999964293,
    0.0012540419999993446,
    0.001233458999990944,
    0.001279500000009648
  ],
  "n_features": 100,
  "n_points": 50,
  "framework": "genmlx"
}