{
  "std_time": 0.00004206786795115975,
  "mean_time": 0.000738441750000618,
  "variant": "gaussian_vec",
  "method": "importance_sampling",
  "n_particles": 10000,
  "times": [
    0.0008192079999957969,
    0.0007816249999734737,
    0.0007712499999854572,
    0.0007984169999986079,
    0.0007735000000081982,
    0.0007850000000075852,
    0.0007442920000073627,
    0.0006921250000004875,
    0.0006975419999548649,
    0.0006822500000112086,
    0.0006647090000058142,
    0.0007087500000295677,
    0.000687874999982796,
    0.0006950420000180202,
    0.0007437920000086251,
    0.0007346250000068721,
    0.0007352909999838175,
    0.0007491250000271066,
    0.0007345839999857162,
    0.0007698330000209808
  ],
  "n_features": 10,
  "n_points": 50,
  "framework": "genmlx"
}