{
  "model": {
    "K": 3,
    "N": 8,
    "component_means": [
      -4,
      0,
      4
    ],
    "sigma": 1,
    "mixing_weights": [
      0.333,
      0.333,
      0.333
    ]
  },
  "data": {
    "zs_true": [
      1,
      2,
      1,
      0,
      2,
      1,
      0,
      0
    ],
    "ys": [
      0.8350437879562378,
      4.188530474901199,
      -2.888857841491699,
      -4.104988642036915,
      5.638246417045593,
      0.10598962754011154,
      -2.8335559368133545,
      -4.310329109430313
    ]
  },
  "exact_log_ml": -19.131814622660965,
  "exact_modes": [
    1,
    2,
    0,
    0,
    2,
    1,
    0,
    0
  ],
  "exact_marginals": {
    "z0": {
      "0": 0.000011774074676807548,
      "1": 0.9906090202393003,
      "2": 0.009379205686022941
    },
    "z1": {
      "0": 2.8021158671386704e-15,
      "1": 0.00015778460781687786,
      "2": 0.9998422153921803
    },
    "z2": {
      "0": 0.9722244717820197,
      "1": 0.02777552812868134,
      "2": 8.929895814084e-11
    },
    "z3": {
      "0": 0.9997796239094173,
      "1": 0.00022037609057722548,
      "2": 5.466545374029739e-15
    },
    "z4": {
      "0": 2.5746923344139302e-20,
      "1": 4.783198688788274e-7,
      "2": 0.9999995216801312
    },
    "z5": {
      "0": 0.00021938324674778217,
      "1": 0.9992684054682959,
      "2": 0.0005122112849565701
    },
    "z6": {
      "0": 0.9655844059584922,
      "1": 0.034415593903466844,
      "2": 1.3804115460940138e-10
    },
    "z7": {
      "0": 0.9999030595206638,
      "1": 0.00009694047933530645,
      "2": 1.0576469417447054e-15
    }
  },
  "enumeration_time_ms": 2.923000000000002,
  "algorithms": [
    {
      "time_ms_std": 28.76730997119268,
      "algorithm": "IS_1000",
      "method": "is",
      "time_ms": 3180.9267792,
      "error_std": 2.5638390013670334,
      "raw_ess": [
        1.9949398040771484,
        1.832619071006775,
        1.0054378509521484,
        2.034816026687622,
        1.1620010137557983,
        1.168093204498291,
        1.000014305114746,
        2.0060718059539795,
        1.001465916633606,
        1.0000841617584229
      ],
      "log_ml_std": 2.5638390013670334,
      "log_ml": -23.71555995941162,
      "raw_log_mls": [
        -25.194753646850586,
        -24.513042449951172,
        -28.2320556640625,
        -20.178123474121094,
        -26.488542556762695,
        -21.904773712158203,
        -20.87993049621582,
        -24.20587921142578,
        -24.899812698364258,
        -20.6586856842041
      ],
      "ess": 1.4205543160438538,
      "ess_std": 0.45299629930210084,
      "error": 4.583745336750655,
      "raw_errors": [
        6.062939024189621,
        5.381227827290207,
        9.100241041401535,
        1.0463088514601289,
        7.35672793410173,
        2.7729590894972382,
        1.7481158735548554,
        5.074064588764816,
        5.767998075703293,
        1.5268710615431367
      ],
      "particles": 1000
    },
    {
      "time_ms_std": 577.8482650087981,
      "burn": 100,
      "algorithm": "Gibbs_500",
      "raw_maes": [
        0.001628789186069914,
        0.0019697371925950593,
        0.0008030705259283923,
        0.002098991888150198,
        0.0014365183085698332,
        0.0007056695213429476,
        0.0015332260893523126,
        0.0008723361880096141,
        0.0013328678238481082,
        0.0014697371925950593
      ],
      "method": "gibbs",
      "accuracy": 1,
      "time_ms": 34629.51524990001,
      "accuracy_std": 0,
      "marginal_mae": 0.0013850943916461438,
      "sweeps": 500,
      "marginal_mae_std": 0.00044817567318262947,
      "raw_accuracies": [
        1,
        1,
        1,
        1,
        1,
        1,
        1,
        1,
        1,
        1
      ]
    }
  ]
}