{
  "model": {
    "K": 3,
    "N": 8,
    "component_means": [
      -4,
      0,
      4
    ],
    "sigma": 1,
    "mixing_weights": [
      0.333,
      0.333,
      0.333
    ]
  },
  "data": {
    "zs_true": [
      2,
      2,
      0,
      0,
      2,
      1,
      0,
      2
    ],
    "ys": [
      5.8779706954956055,
      3.2695589661598206,
      -3.6020752489566803,
      -5.524236559867859,
      4.160044431686401,
      0.8816007971763611,
      -5.211307764053345,
      3.233036756515503
    ]
  },
  "exact_log_ml": -20.81397786165707,
  "exact_modes": [
    2,
    2,
    0,
    0,
    2,
    1,
    0,
    2
  ],
  "exact_marginals": {
    "z0": {
      "0": 3.783014602074436e-21,
      "1": 1.833474289191663e-7,
      "2": 0.9999998166525711
    },
    "z1": {
      "0": 4.342011964270926e-12,
      "1": 0.006192307863567376,
      "2": 0.9938076921320907
    },
    "z2": {
      "0": 0.9983548890681346,
      "1": 0.0016451109315603028,
      "2": 3.05065936242463e-13
    },
    "z3": {
      "0": 0.9999992453011145,
      "1": 7.546988856749374e-7,
      "2": 6.409675375733646e-20
    },
    "z4": {
      "0": 3.5192366369513813e-15,
      "1": 0.00017682419517686652,
      "2": 0.9998231758048197
    },
    "z5": {
      "0": 0.00000975476573468179,
      "1": 0.9887127737999307,
      "2": 0.011277471434334559
    },
    "z6": {
      "0": 0.99999736132509,
      "1": 0.000002638674909874988,
      "2": 7.835400691939832e-19
    },
    "z7": {
      "0": 5.809775526140472e-12,
      "1": 0.007159378127195302,
      "2": 0.9928406218669946
    }
  },
  "enumeration_time_ms": 2.585958000000005,
  "algorithms": [
    {
      "time_ms_std": 32.96391829884854,
      "algorithm": "IS_1000",
      "method": "is",
      "time_ms": 3184.2942335,
      "error_std": 4.436258889968102,
      "raw_ess": [
        1.0000014305114746,
        1.006454586982727,
        1.0004098415374756,
        1.000003457069397,
        1.0002697706222534,
        1.0002495050430298,
        1.3280843496322632,
        1.9066767692565918,
        1.0801523923873901,
        1.0556472539901733
      ],
      "log_ml_std": 4.436258889968102,
      "log_ml": -29.363563537597656,
      "raw_log_mls": [
        -33.443389892578125,
        -30.29663848876953,
        -33.44318771362305,
        -23.43300437927246,
        -30.445810317993164,
        -24.037521362304688,
        -28.355587005615234,
        -28.599258422851562,
        -23.998626708984375,
        -37.582611083984375
      ],
      "ess": 1.1377949357032775,
      "ess_std": 0.2737500043683501,
      "error": 8.54958567594059,
      "raw_errors": [
        12.629412030921056,
        9.482660627112462,
        12.629209851965978,
        2.619026517615392,
        9.631832456336095,
        3.2235435006476187,
        7.541609143958166,
        7.785280561194494,
        3.1846488473273062,
        16.768633222327306
      ],
      "particles": 1000
    },
    {
      "time_ms_std": 0.5191437401852301,
      "algorithm": "Vec_IS_1000",
      "method": "vectorized-is",
      "time_ms": 4.182258400000501,
      "error_std": 2.8917791066474567,
      "raw_ess": [
        1.0000400553298878,
        1.111041631421318,
        2.0916338632132745,
        1.0000114441776913,
        2.0126524248828863,
        1.1675332827194012,
        1.0009157375061501,
        1.0001640470070803,
        1.000946267703911,
        2.0000019073494077
      ],
      "log_ml_std": 4.482098494559424,
      "log_ml": -23.615345001220703,
      "raw_log_mls": [
        -18.959388732910156,
        -23.838298797607422,
        -29.730152130126953,
        -18.95940399169922,
        -18.263099670410156,
        -28.286556243896484,
        -24.037187576293945,
        -18.959327697753906,
        -30.445472717285156,
        -24.674562454223633
      ],
      "ess": 1.338494066131101,
      "ess_std": 0.4595378459876764,
      "error": 4.424305410334602,
      "raw_errors": [
        1.8545891287469125,
        3.024320935950353,
        8.916174268469884,
        1.85457386995785,
        2.5508781912469125,
        7.472578382239416,
        3.2232097146368766,
        1.8546501639031625,
        9.631494855628087,
        3.860584592566564
      ],
      "particles": 1000
    },
    {
      "time_ms_std": 737.881881929661,
      "burn": 100,
      "algorithm": "Gibbs_500",
      "raw_maes": [
        0.0008249772012375099,
        0.0005978501821523563,
        0.0013725691828459152,
        0.0008841253792853708,
        0.000965080846220787,
        0.0011588443799789296,
        0.000626259223614458,
        0.0011317475128874539,
        0.0008991322045293045,
        0.000764516848819023
      ],
      "method": "gibbs",
      "accuracy": 1,
      "time_ms": 35355.7544666,
      "accuracy_std": 0,
      "marginal_mae": 0.0009225102961571109,
      "sweeps": 500,
      "marginal_mae_std": 0.00023101141181493154,
      "raw_accuracies": [
        1,
        1,
        1,
        1,
        1,
        1,
        1,
        1,
        1,
        1
      ]
    }
  ]
}