{
  "model": {
    "K": 2,
    "T": 50,
    "transition_probs": [
      [
        0.9,
        0.1
      ],
      [
        0.1,
        0.9
      ]
    ],
    "init_probs": [
      0.5,
      0.5
    ],
    "emission_means": [
      -2,
      2
    ],
    "sigma_obs": 1
  },
  "data": {
    "zs_true": [
      1,
      1,
      1,
      1,
      1,
      1,
      1,
      1,
      1,
      1,
      1,
      1,
      1,
      1,
      1,
      1,
      1,
      1,
      1,
      1,
      1,
      1,
      1,
      1,
      1,
      0,
      1,
      1,
      1,
      1,
      1,
      1,
      1,
      1,
      1,
      1,
      1,
      1,
      1,
      1,
      1,
      1,
      1,
      1,
      1,
      1,
      1,
      1,
      1,
      0
    ],
    "ys": [
      1.4765998125076294,
      0.9692482948303223,
      1.246916651725769,
      1.6308959424495697,
      1.457425057888031,
      0.33907127380371094,
      0.8236290216445923,
      1.1470353603363037,
      1.5171231031417847,
      2.5036922097206116,
      3.098868250846863,
      2.733317494392395,
      2.076274961233139,
      0.8744159936904907,
      3.9767520427703857,
      0.9787396192550659,
      1.8882751315832138,
      -1.076077938079834,
      2.175744950771332,
      1.8502703756093979,
      3.72225558757782,
      2.0606813207268715,
      3.118957757949829,
      2.3750052750110626,
      2.493805021047592,
      -2.2818906605243683,
      3.142993688583374,
      1.1783641576766968,
      2.124437987804413,
      2.965816617012024,
      3.464820384979248,
      3.469072699546814,
      1.9767807871103287,
      2.6308852434158325,
      1.9628346003592014,
      2.7524128556251526,
      0.8397364616394043,
      1.3557630777359009,
      -0.7859458923339844,
      1.5277254283428192,
      3.201310873031616,
      1.5125040709972382,
      4.384216547012329,
      1.9725541342049837,
      2.4539812803268433,
      3.459986686706543,
      1.218021035194397,
      2.541181802749634,
      2.086278647184372,
      -2.2429089099168777
    ]
  },
  "exact_log_ml": -86.72229296952715,
  "filtering": [
    [
      0.002714581387476456,
      0.9972854186125237
    ],
    [
      0.002351570173354005,
      0.9976484298266459
    ],
    [
      0.0007732296632747347,
      0.9992267703367249
    ],
    [
      0.00016425043110078976,
      0.9998357495688994
    ],
    [
      0.00032692079576546065,
      0.9996730792042346
    ],
    [
      0.02790610054256104,
      0.9720938994574394
    ],
    [
      0.005142234174290285,
      0.9948577658257097
    ],
    [
      0.001180695232184147,
      0.9988193047678157
    ],
    [
      0.00025981894026264307,
      0.9997401810597377
    ],
    [
      0.000004981940784884032,
      0.9999950180592151
    ],
    [
      4.597174582787246e-7,
      0.9999995402825403
    ],
    [
      0.000001983807753280307,
      0.9999980161922468
    ],
    [
      0.000027472247046869575,
      0.999972527752952
    ],
    [
      0.0033526551463085225,
      0.9966473448536926
    ],
    [
      1.4132618837240299e-8,
      0.9999999858673797
    ],
    [
      0.0022108102836471163,
      0.9977891897163517
    ],
    [
      0.00005941965284013383,
      0.9999405803471605
    ],
    [
      0.8916411392833824,
      0.10835886071661656
    ],
    [
      0.0007230580168778345,
      0.9992769419831233
    ],
    [
      0.00006827522233834315,
      0.999931724777662
    ],
    [
      3.8001499325810576e-8,
      0.9999999619984984
    ],
    [
      0.000029239829249814326,
      0.9999707601707483
    ],
    [
      4.243122768172227e-7,
      0.9999995756877217
    ],
    [
      0.000008316656703489773,
      0.9999916833432977
    ],
    [
      0.000005171354511645085,
      0.99999482864549
    ],
    [
      0.9990233294605336,
      0.0009766705394669165
    ],
    [
      0.00003094086842884236,
      0.9999690591315727
    ],
    [
      0.000996358860158632,
      0.9990036411398425
    ],
    [
      0.000022858807379496098,
      0.9999771411926233
    ],
    [
      7.828782416764668e-7,
      0.9999992171217551
    ],
    [
      1.0635330015466103e-7,
      0.9999998936467008
    ],
    [
      1.0455897875808805e-7,
      0.99999989544102
    ],
    [
      0.000040899705439626076,
      0.999959100294561
    ],
    [
      0.000002989498111246321,
      0.9999970105018853
    ],
    [
      0.00004324713135641317,
      0.9999567528686446
    ],
    [
      0.0000018386232895153426,
      0.9999981613767083
    ],
    [
      0.0038487369743970567,
      0.9961512630256005
    ],
    [
      0.0005069837337381373,
      0.9994930162662586
    ],
    [
      0.7213277825466407,
      0.2786722174533618
    ],
    [
      0.004629813239617355,
      0.9953701867603844
    ],
    [
      3.17758096790349e-7,
      0.9999996822419001
    ],
    [
      0.0002619125250930308,
      0.9997380874749109
    ],
    [
      2.6952770895209043e-9,
      0.9999999973047267
    ],
    [
      0.000041596992538590365,
      0.9999584030074623
    ],
    [
      0.000006066152138731597,
      0.9999939338478573
    ],
    [
      1.0843471909063659e-7,
      0.9999998915652869
    ],
    [
      0.0008500986006953421,
      0.9991499013993078
    ],
    [
      0.000004310647632429788,
      0.9999956893523715
    ],
    [
      0.000026395230015404297,
      0.9999736047699865
    ],
    [
      0.998858928319768,
      0.0011410716802390934
    ]
  ],
  "algorithms": [
    {
      "time_ms_std": 70.9513757088316,
      "algorithm": "IS_1000",
      "method": "is",
      "time_ms": 20079.234991500016,
      "error_std": 3.942624667139201,
      "raw_ess": [
        2.8241868019104004,
        3.658515453338623,
        1.9888674020767212,
        2.7285513877868652,
        2.1651129722595215,
        2.0016915798187256,
        1.0000085830688477,
        2.857789993286133,
        4.664673805236816,
        1.0070172548294067
      ],
      "log_ml_std": 3.9426246671392007,
      "log_ml": -95.66877212524415,
      "raw_log_mls": [
        -98.64171600341797,
        -98.61616516113281,
        -90.45466613769531,
        -98.84632110595703,
        -99.46686553955078,
        -90.53546142578125,
        -91.2290267944336,
        -99.24895477294922,
        -98.42301177978516,
        -91.22553253173828
      ],
      "ess": 2.489641523361206,
      "ess_std": 1.068313302401707,
      "error": 8.946479155716995,
      "raw_errors": [
        11.919423033890823,
        11.893872191605666,
        3.7323731681681664,
        12.124028136429885,
        12.744572570023635,
        3.813168456254104,
        4.506733824906448,
        12.526661803422073,
        11.70071881025801,
        4.503239562211135
      ],
      "particles": 1000
    },
    {
      "time_ms_std": 78.00869895416331,
      "algorithm": "SMC_100",
      "method": "smc",
      "time_ms": 5851.6515665,
      "error_std": 0.8643091833998199,
      "raw_ess": [
        100.00000447034851,
        100.00000447034851,
        100.00000447034851,
        100.00000447034851,
        100.00000447034851,
        100.00000447034851,
        100.00000447034851,
        100.00000447034851,
        100.00000447034851,
        100.00000447034851
      ],
      "log_ml_std": 1.083666014128914,
      "log_ml": -87.82008056640625,
      "raw_log_mls": [
        -88.9821548461914,
        -87.27346801757812,
        -88.17424774169922,
        -87.2225112915039,
        -90.05171203613281,
        -87.31365203857422,
        -88.28279876708984,
        -87.62139129638672,
        -87.45598602294922,
        -85.82288360595703
      ],
      "ess": 100.0000044703485,
      "ess_std": 1.4210854715202004e-14,
      "error": 1.277669469593127,