{
  "model": {
    "K": 2,
    "T": 50,
    "transition_probs": [
      [
        0.9,
        0.1
      ],
      [
        0.1,
        0.9
      ]
    ],
    "init_probs": [
      0.5,
      0.5
    ],
    "emission_means": [
      -2,
      2
    ],
    "sigma_obs": 1
  },
  "data": {
    "zs_true": [
      0,
      0,
      0,
      0,
      1,
      1,
      1,
      1,
      1,
      1,
      1,
      1,
      1,
      1,
      1,
      1,
      0,
      0,
      0,
      0,
      0,
      0,
      0,
      1,
      1,
      1,
      1,
      1,
      1,
      1,
      1,
      1,
      1,
      1,
      1,
      1,
      1,
      1,
      1,
      1,
      1,
      1,
      1,
      0,
      1,
      1,
      1,
      1,
      1,
      1
    ],
    "ys": [
      -1.706629991531372,
      -2.0312692634761333,
      -0.835913896560669,
      -0.837766170501709,
      2.0328530445694923,
      2.2063318490982056,
      2.4645294845104218,
      0.7443908452987671,
      0.8264353275299072,
      3.4082173109054565,
      1.2220786809921265,
      3.1680572032928467,
      2.0742567479610443,
      3.1377975940704346,
      1.897511050105095,
      1.8730469793081284,
      -0.5886087417602539,
      -2.420487940311432,
      -0.5054600238800049,
      -3.327798366546631,
      -2.9732446670532227,
      -2.583459973335266,
      -2.545210063457489,
      3.3518240451812744,
      1.3775343298912048,
      1.7798683047294617,
      1.9637098163366318,
      1.8158871680498123,
      2.8404955863952637,
      1.528171569108963,
      0.839501142501831,
      2.0532284639775753,
      0.1424548625946045,
      0.13421893119812012,
      1.8846995010972023,
      2.2746844589710236,
      0.43904900550842285,
      2.561595141887665,
      -0.013028621673583984,
      0.19172000885009766,
      3.296327590942383,
      0.37854743003845215,
      1.7439629137516022,
      -1.6824366450309753,
      2.5734381079673767,
      2.026529146358371,
      2.8250628113746643,
      1.4434401988983154,
      1.5501126945018768,
      1.7469509541988373
    ]
  },
  "exact_log_ml": -85.90168916642537,
  "filtering": [
    [
      0.9989165490461704,
      0.0010834509538294086
    ],
    [
      0.9999667927073473,
      0.00003320729265280505
    ],
    [
      0.996091108985366,
      0.003908891014634162
    ],
    [
      0.9959862860067441,
      0.0040137139932556
    ],
    [
      0.0025493437736046998,
      0.9974506562263957
    ],
    [
      0.00001669985608068598,
      0.999983300143919
    ],
    [
      0.000005814243382280594,
      0.9999941857566171
    ],
    [
      0.005625879196549048,
      0.9943741208034516
    ],
    [
      0.004261222145890617,
      0.9957387778541096
    ],
    [
      1.3844711612702238e-7,
      0.9999998615528856
    ],
    [
      0.0008364240432527933,
      0.9991635759567487
    ],
    [
      3.5115403178438573e-7,
      0.9999996488459691
    ],
    [
      0.00002769451599988945,
      0.9999723054839994
    ],
    [
      3.935061273162514e-7,
      0.999999606493872
    ],
    [
      0.00005615912153075097,
      0.9999438408784695
    ],
    [
      0.00006196286110688274,
      0.9999380371388941
    ],
    [
      0.5393586645189018,
      0.4606413354810987
    ],
    [
      0.999944996920324,
      0.00005500307967610212
    ],
    [
      0.9854939309640233,
      0.014506069035975466
    ],
    [
      0.9999997919829443,
      2.0801705894786822e-7
    ],
    [
      0.9999992401935858,
      7.59806412645025e-7
    ],
    [
      0.9999963873223509,
      0.0000036126776489860645
    ],
    [
      0.9999957899537666,
      0.000004210046231638184
    ],
    [
      0.000013536476381785165,
      0.9999864635236209
    ],
    [
      0.0004493578307021479,
      0.9995506421692966
    ],
    [
      0.00009026144663908635,
      0.9999097385533611
    ],
    [
      0.00004312943245026175,
      0.9999568705675517
    ],
    [
      0.00007787015415241868,
      0.999922129845845
    ],
    [
      0.0000012930377946870562,
      0.9999987069622069
    ],
    [
      0.00024600827148064843,
      0.9997539917285172
    ],
    [
      0.003860677985625812,
      0.9961393220143715
    ],
    [
      0.00003116191405316506,
      0.9999688380859484
    ],
    [
      0.05914666479341624,
      0.9408533352065831
    ],
    [
      0.09173150029653272,
      0.9082684997034643
    ],
    [
      0.00011158402196178877,
      0.9998884159780416
    ],
    [
      0.000012435150426585442,
      0.9999875648495719
    ],
    [
      0.018829710397126886,
      0.9811702896028752
    ],
    [
      0.000004614005124413325,
      0.9999953859948725
    ],
    [
      0.10479289894168323,
      0.895207101058311
    ],
    [
      0.09470770611062494,
      0.9052922938893733
    ],
    [
      4.004765871069118e-7,
      0.999999599523415
    ],
    [
      0.023859810516356297,
      0.9761401894836461
    ],
    [
      0.0001262717283943625,
      0.9998737282716119
    ],
    [
      0.9893726891766026,
      0.010627310823402111
    ],
    [
      0.00027799864547516025,
      0.9997220013545213
    ],
    [
      0.000033602633846996273,
      0.9999663973661493
    ],
    [
      0.0000013748326501019188,
      0.9999986251673435
    ],
    [
      0.0003452235307960037,
      0.9996547764692092
    ],
    [
      0.0002260314253023926,
      0.9997739685746966
    ],
    [
      0.00010275905283987104,
      0.999897240947165
    ]
  ],
  "algorithms": [
    {
      "time_ms_std": 60.43533985177235,
      "algorithm": "IS_1000",
      "method": "is",
      "time_ms": 20104.1839542,
      "error_std": 11.271051823936519,
      "raw_ess": [
        1.0002341270446777,
        1.000074863433838,
        1,
        1.0540313720703125,
        1,
        1.0282150506973267,
        1.001036524772644,
        1.0000014305114746,
        1.000000238418579,
        1
      ],
      "log_ml_std": 11.271051823936519,
      "log_ml": -105.94440231323242,
      "raw_log_mls": [
        -109.76271057128906,
        -114.67965698242188,
        -88.67493438720703,
        -124.22972869873047,
        -98.35689544677734,
        -120.8794174194336,
        -110.81568145751953,
        -100.14366912841797,
        -98.08863830566406,
        -93.81269073486328
      ],
      "ess": 1.0083593606948853,
      "ess_std": 0.017371885180070764,
      "error": 20.042713146807053,
      "raw_errors": [
        23.861021404863692,
        28.777967815996504,
        2.7732452207816607,
        38.3280395323051,
        12.455206280351973,
        34.97772825300822,
        24.91399229109416,
        14.241979961992598,
        12.186949139238692,
        7.911001568437911
      ],
      "particles": 1000
    },
    {
      "time_ms_std": 70.96492541417719,
      "algorithm": "SMC_100",
      "method": "smc",
      "time_ms": 5869.290475100001,
      "error_std": 0.8366702086655136,
      "raw_ess": [
        100.00000447034851,
        100.00000447034851,
        100.00000447034851,
        100.00000447034851,
        100.00000447034851,
        100.00000447034851,
        100.00000447034851,
        100.00000447034851,
        100.00000447034851,
        100.00000447034851
      ],
      "log_ml_std": 0.9730182188255291,
      "log_ml": -86.54437561035157,
      "raw_log_mls": [
        -86.46035766601562,
        -85.23987579345703,
        -88.40328216552734,
        -85.84918212890625,
        -85.76805877685547,
        -87.31653594970703,
        -86.14886474609375,
        -86.2572021484375,
        -87.99183654785156,
        -86.00856018066406
      ],
      "ess": 100.0000044703485,
      "ess_std": 1.4210854715202004e-14,
      "error": 0.8122766039376643,