{
  "model": {
    "K": 2,
    "T": 50,
    "transition_probs": [
      [
        0.9,
        0.1
      ],
      [
        0.1,
        0.9
      ]
    ],
    "init_probs": [
      0.5,
      0.5
    ],
    "emission_means": [
      -2,
      2
    ],
    "sigma_obs": 1
  },
  "data": {
    "zs_true": [
      1,
      1,
      1,
      0,
      0,
      0,
      1,
      1,
      1,
      1,
      1,
      0,
      0,
      0,
      0,
      0,
      0,
      0,
      0,
      0,
      0,
      0,
      0,
      0,
      0,
      0,
      0,
      0,
      0,
      0,
      0,
      0,
      0,
      0,
      0,
      0,
      1,
      1,
      1,
      1,
      1,
      1,
      1,
      1,
      1,
      1,
      1,
      1,
      1,
      1
    ],
    "ys": [
      3.069579601287842,
      1.29532390832901,
      2.305454909801483,
      -3.5862162113189697,
      -3.4873690605163574,
      -2.0841751396656036,
      2.0168902575969696,
      0.928423285484314,
      3.504786491394043,
      1.6985026597976685,
      4.161322116851807,
      -1.769323617219925,
      -1.535953313112259,
      -0.8051328659057617,
      -3.148682117462158,
      -1.7772709429264069,
      -2.746698319911957,
      -1.2596661448478699,
      -1.9912031944841146,
      -4.088978290557861,
      -2.291228175163269,
      -1.472139060497284,
      -1.9415821731090546,
      -2.348399966955185,
      -2.660956621170044,
      -2.9283525347709656,
      -2.5985397696495056,
      -1.1935933232307434,
      -3.5146095752716064,
      -1.9819734804332256,
      -2.570974826812744,
      -2.3379217088222504,
      -2.9130019545555115,
      -1.7724827527999878,
      0.14748835563659668,
      -1.9908120324835181,
      2.650322377681732,
      2.6598562598228455,
      1.8102920204401016,
      2.1211230158805847,
      2.97222638130188,
      5.103949785232544,
      1.4137526154518127,
      3.213983416557312,
      2.1396096646785736,
      1.7250688076019287,
      2.607529580593109,
      1.4608569145202637,
      2.41530442237854,
      2.0015695926267654
    ]
  },
  "exact_log_ml": -84.78581813554175,
  "filtering": [
    [
      0.000004651489548491575,
      0.9999953485104516
    ],
    [
      0.000624160369630676,
      0.9993758396303694
    ],
    [
      0.000011045146682851373,
      0.9999889548533172
    ],
    [
      0.9999946996820228,
      0.0000053003179772523084
    ],
    [
      0.9999999028154226,
      9.718457771652901e-8
    ],
    [
      0.9999733827455718,
      0.000026617254428422703
    ],
    [
      0.0028133191165410753,
      0.9971866808834584
    ],
    [
      0.0027699372233921373,
      0.9972300627766093
    ],
    [
      9.287717744570294e-8,
      0.999999907122821
    ],
    [
      0.00012448082381257857,
      0.999875519176187
    ],
    [
      6.56569779607193e-9,
      0.9999999934343009
    ],
    [
      0.9924607888508289,
      0.0075392111491699495
    ],
    [
      0.9997454475212987,
      0.0002545524787020412
    ],
    [
      0.9955725552722512,
      0.004427444727750415
    ],
    [
      0.9999996084699048,
      3.915300950421782e-7
    ],
    [
      0.9999091586259039,
      0.00009084137409686654
    ],
    [
      0.9999981180696424,
      0.0000018819303599203952
    ],
    [
      0.9992802397934815,
      0.0007197602065188897
    ],
    [
      0.9999611458105859,
      0.00003885418941354597
    ],
    [
      0.9999999912375657,
      8.762431294609712e-9
    ],
    [
      0.9999883726308285,
      0.000011627369171714954
    ],
    [
      0.9996921769150947,
      0.0003078230849059308
    ],
    [
      0.999952788226938,
      0.000047211773061180296
    ],
    [
      0.9999907456246693,
      0.000009254375328395355
    ],
    [
      0.9999973500544154,
      0.0000026499455812401405
    ],
    [
      0.9999990907193719,
      9.092806260816722e-7
    ],
    [
      0.9999965987888689,
      0.0000034012111313021163
    ],
    [
      0.9990626983340698,
      0.0009373016659276206
    ],
    [
      0.9999999121257485,
      8.787424997246793e-8
    ],
    [
      0.999959941023521,
      0.000040058976479387375
    ],
    [
      0.999996200996091,
      0.000003799003910104757
    ],
    [
      0.9999903532288142,
      0.000009646771183595482
    ],
    [
      0.99999903307762,
      9.6692237733392e-7
    ],
    [
      0.9999074016834542,
      0.00009259831654804149
    ],
    [
      0.832917699600716,
      0.1670823003992844
    ],
    [
      0.9998938949050417,
      0.00010610509495969371
    ],
    [
      0.0002236940130303925,
      0.9997763059869669
    ],
    [
      0.0000026667088890542,
      0.9999973332911084
    ],
    [
      0.00007960381316136245,
      0.9999203961868375
    ],
    [
      0.000022976646475451342,
      0.9999770233535236
    ],
    [
      7.630619277689043e-7,
      0.9999992369380732
    ],
    [
      1.511094154834228e-10,
      0.999999999848896
    ],
    [
      0.00038873066033762394,
      0.9996112693396587
    ],
    [
      2.910682920158762e-7,
      0.9999997089317103
    ],
    [
      0.000021323901613323093,
      0.9999786760983919
    ],
    [
      0.00011195402784349391,
      0.9998880459721624
    ],
    [
      0.0000032843183446112356,
      0.9999967156816542
    ],
    [
      0.0003220044804253112,
      0.9996779955195805
    ],
    [
      0.000007098760441163998,
      0.9999929012395659
    ],
    [
      0.00003704130593679133,
      0.9999629586940586
    ]
  ],
  "algorithms": [
    {
      "time_ms_std": 163.85938301015645,
      "algorithm": "IS_1000",
      "method": "is",
      "time_ms": 19818.917758100004,
      "error_std": 10.172309308888511,
      "raw_ess": [
        1.0050926208496094,
        1,
        1.2438825368881226,
        1.0008207559585571,
        1.0004299879074097,
        1.3367921113967896,
        1.0000004768371582,
        1.0940335988998413,
        1.0042877197265625,
        1.9331130981445312
      ],
      "log_ml_std": 10.17230930888851,
      "log_ml": -124.92458801269531,
      "raw_log_mls": [
        -113.35999298095703,
        -118.52075958251953,
        -127.4545669555664,
        -129.29891967773438,
        -128.16876220703125,
        -135.08993530273438,
        -103.97510528564453,
        -125.42086791992188,
        -126.312255859375,
        -141.64471435546875
      ],
      "ess": 1.161845290660858,
      "ess_std": 0.28116831018374067,
      "error": 40.13876987715357,
      "raw_errors": [
        28.574174845415286,
        33.734941446977786,
        42.66874882002466,
        44.51310154219263,
        43.382944071489504,
        50.30411716719263,
        19.189287150102786,
        40.63504978438013,
        41.526437723833254,
        56.858896219927004
      ],
      "particles": 1000
    },
    {
      "time_ms_std": 75.24048684158565,
      "algorithm": "SMC_100",
      "method": "smc",
      "time_ms": 5845.739383499999,
      "error_std": 2.941196878520142,
      "raw_ess": [
        100.00000447034851,
        100.00000447034851,
        100.00000447034851,
        100.00000447034851,
        100.00000447034851,
        100.00000447034851,
        100.00000447034851,
        100.00000447034851,
        100.00000447034851,
        100.00000447034851
      ],
      "log_ml_std": 2.941196878520142,
      "log_ml": -86.97535095214843,
      "raw_log_mls": [
        -86.44869995117188,
        -87.28573608398438,
        -86.3605728149414,
        -88.06330871582031,
        -95.28195190429688,
        -84.93140411376953,
        -85.11868286132812,
        -84.92180633544922,
        -86.07386016845703,
        -85.26748657226562
      ],
      "ess": 100.0000044703485,
      "ess_std": 1.4210854715202004e-14,
      "error": 2.189532816606692,