{
  "model": {
    "K": 3,
    "N": 8,
    "component_means": [
      -4,
      0,
      4
    ],
    "sigma": 1,
    "mixing_weights": [
      0.333,
      0.333,
      0.333
    ]
  },
  "data": {
    "zs_true": [
      1,
      2,
      1,
      2,
      1,
      0,
      2,
      2
    ],
    "ys": [
      0.3647826611995697,
      4.688885271549225,
      -0.03650113567709923,
      4.0997073873877525,
      -0.9786134958267212,
      -4.35259410738945,
      4.034182611852884,
      5.228862643241882
    ]
  },
  "exact_log_ml": -17.72699562176711,
  "exact_modes": [
    1,
    2,
    1,
    2,
    1,
    0,
    2,
    2
  ],
  "exact_marginals": {
    "z0": {
      "0": 0.0000778559139543007,
      "1": 0.998481102937693,
      "2": 0.0014410411483528603
    },
    "z1": {
      "0": 5.118406099156628e-17,
      "1": 0.000021326451252115944,
      "2": 0.999978673548748
    },
    "z2": {
      "0": 0.0003879347833462457,
      "1": 0.9993223703584518,
      "2": 0.00028969485820213117
    },
    "z3": {
      "0": 5.702428806420037e-15,
      "1": 0.00022508000191587204,
      "2": 0.9997749199980784
    },
    "z4": {
      "0": 0.01653581300080141,
      "1": 0.9834576047545048,
      "2": 0.000006582244694027054
    },
    "z5": {
      "0": 0.9999181365789517,
      "1": 0.00008186342104755804,
      "2": 7.542296882953609e-16
    },
    "z6": {
      "0": 9.631345643759028e-15,
      "1": 0.00029250669668740074,
      "2": 0.999707493303303
    },
    "z7": {
      "0": 6.808781398544281e-19,
      "1": 0.000002459744604508327,
      "2": 0.9999975402553956
    }
  },
  "enumeration_time_ms": 3.54266599999994,
  "algorithms": [
    {
      "time_ms_std": 3945.4877830896676,
      "algorithm": "IS_1000",
      "method": "is",
      "time_ms": 13139.249133400002,
      "error_std": 2.3594064598025883,
      "raw_ess": [
        1.0667279958724976,
        1.042914867401123,
        1.4365864992141724,
        1.2141188383102417,
        1.0015627145767212,
        1.6169817447662354,
        1.4345272779464722,
        1.0000602006912231,
        1.0001665353775024,
        1.0473111867904663
      ],
      "log_ml_std": 3.576431527157176,
      "log_ml": -22.205108642578125,
      "raw_log_mls": [
        -25.242979049682617,
        -23.98092269897461,
        -22.21163558959961,
        -23.902130126953125,
        -23.718568801879883,
        -25.037837982177734,
        -26.29879379272461,
        -15.865324020385742,
        -15.865270614624023,
        -19.927623748779297
      ],
      "ess": 1.1860957860946655,
      "ess_std": 0.21636861924863304,
      "error": 5.222792342515906,
      "raw_errors": [
        7.515983427915508,
        6.2539270772075,
        4.4846399678325,
        6.175134505186016,
        5.991573180112773,
        7.310842360410625,
        8.5717981709575,
        1.8616716013813672,
        1.861725007143086,
        2.2006281270121875
      ],
      "particles": 1000
    },
    {
      "time_ms_std": 30.466247737338392,
      "algorithm": "Vec_IS_1000",
      "method": "vectorized-is",
      "time_ms": 21.70705429999798,
      "error_std": 2.03697105130611,
      "raw_ess": [
        1.0424745435267806,
        1.0276129627483552,
        2.4384506073660144,
        1.4526868250615526,
        2.368276789767834,
        1.0364659765798685,
        2.436139114386487,
        2.9400257640115477,
        2.6246137923557793,
        1.4034426156969777
      ],
      "log_ml_std": 2.03697105130611,
      "log_ml": -23.689811325073244,
      "raw_log_mls": [
        -22.38530731201172,
        -23.705650329589844,
        -21.60711669921875,
        -22.205907821655273,
        -28.605512619018555,
        -22.388174057006836,
        -25.75462532043457,
        -24.626079559326172,
        -23.40312957763672,
        -22.216609954833984
      ],
      "ess": 1.8770188991501198,
      "ess_std": 0.7132217859507916,
      "error": 5.962815703306132,
      "raw_errors": [
        4.658311690244609,
        5.978654707822734,
        3.8801210774516406,
        4.478912199888164,
        10.878516997251445,
        4.6611784352397265,
        8.027629698667461,
        6.8990839375590625,
        5.676133955869609,
        4.489614333066875
      ],
      "particles": 1000
    },
    {
      "time_ms_std": 44673.360047227674,
      "burn": 100,
      "algorithm": "Gibbs_500",
      "raw_maes": [
        0.0002001850045178523,
        0.0002801798554061749,
        0.0007217618750482467,
        0.0005335183378511858,
        0.0011903291682147951,
        0.00027700098399313866,
        0.0011113879691099855,
        0.0007801798554061751,
        0.0008569958348814616,
        0.0008532077676765293
      ],
      "method": "gibbs",
      "accuracy": 1,
      "time_ms": 107172.17561670001,
      "accuracy_std": 0,
      "marginal_mae": 0.0006804746652105545,
      "sweeps": 500,
      "marginal_mae_std": 0.0003306934173671408,
      "raw_accuracies": [
        1,
        1,
        1,
        1,
        1,
        1,
        1,
        1,
        1,
        1
      ]
    }
  ]
}