{
  "benchmark": "method_speedup",
  "n_particles": 1000,
  "methodology": "performance.now, warmup, min-of-inner, mean+std-of-outer",
  "results": [
    {
      "method": "dist-sample-n",
      "sequential": {
        "mean": 260.3870252000008,
        "std": 7.807129469281172
      },
      "batched": {
        "mean": 0.23320859999803362,
        "std": 0.00460473428728078
      },
      "speedup": 1116.5412647826724
    },
    {
      "method": "importance_sampling",
      "sequential": {
        "mean": 1493.5619246000017,
        "std": 2.4658373130282683
      },
      "batched": {
        "mean": 0.6354748000041581,
        "std": 0.018251233785462496
      },
      "speedup": 2350.308658329534
    },
    {
      "method": "smc_init",
      "sequential": {
        "mean": 1288.2211081999994,
        "std": 2.000010122228235
      },
      "batched": {
        "mean": 0.6166083999967669,
        "std": 0.028121573217793006
      },
      "speedup": 2089.2046041000317
    }
  ]
}