{
  "benchmark": "method_speedup",
  "n_particles": 1000,
  "methodology": "performance.now, warmup, min-of-inner, mean+std-of-outer",
  "results": [
    {
      "method": "dist-sample-n",
      "sequential": {
        "mean": 566.7825917999959,
        "std": 33.23621788544344
      },
      "batched": {
        "mean": 0.23700020000105723,
        "std": 0.007698035121485372
      },
      "speedup": 2391.485710971837
    },
    {
      "method": "importance_sampling",
      "sequential": {
        "mean": 11542.618941400002,
        "std": 885.4359400651794
      },
      "batched": {
        "mean": 1.4773834000108763,
        "std": 0.5879975692995086
      },
      "speedup": 7812.879812589627
    },
    {
      "method": "smc_init",
      "sequential": {
        "mean": 4917.447924800031,
        "std": 523.3594616048703
      },
      "batched": {
        "mean": 2.0724667999660595,
        "std": 0.8619664582703717
      },
      "speedup": 2372.75112193863
    }
  ]
}