{
  "experiment": "vectorization",
  "description": "Shape-based batching speedup measurements",
  "model": {
    "name": "linear-regression",
    "n-obs": 5,
    "n-trace-sites": 7
  },
  "results": [
    {
      "benchmark": "dist-sample-n",
      "N": 1000,
      "sequential": {
        "mean-ms": 252.1192915,
        "std-ms": 4.563759162974104,
        "min-ms": 245.40895799999987,
        "max-ms": 255.62612499999977,
        "raw": [
          245.40895799999987,
          253.83512500000006,
          253.6069580000003,
          255.62612499999977
        ]
      },
      "batched": {
        "mean-ms": 0.2613125000000309,
        "std-ms": 0.013588471940185429,
        "min-ms": 0.24120799999991505,
        "max-ms": 0.271125000000211,
        "raw": [
          0.24120799999991505,
          0.271125000000211,
          0.26595799999995506,
          0.2669590000000426
        ]
      },
      "speedup": 964.8191016502087
    },
    {
      "benchmark": "vectorized-IS",
      "N": 1000,
      "sequential": {
        "mean-ms": 1645.853236333334,
        "std-ms": 4.552548859823941,
        "min-ms": 1640.8389579999994,
        "max-ms": 1649.7272920000014,
        "raw": [
          1640.8389579999994,
          1646.9934590000012,
          1649.7272920000014
        ]
      },
      "batched": {
        "mean-ms": 0.7542916666679957,
        "std-ms": 0.04630149446200951,
        "min-ms": 0.7085409999999683,
        "max-ms": 0.8011250000017753,
        "raw": [
          0.7532090000022436,
          0.8011250000017753,
          0.7085409999999683
        ]
      },
      "speedup": 2181.9851777015087
    },
    {
      "benchmark": "batched-SMC-init",
      "N": 100,
      "sequential": {
        "mean-ms": 99.10402799999913,
        "std-ms": 2.7687133017391306,
        "min-ms": 96.76374999999825,
        "max-ms": 102.16045899999881,
        "raw": [
          96.76374999999825,
          98.38787500000035,
          102.16045899999881
        ]
      },
      "batched": {
        "mean-ms": 0.8377359999988888,
        "std-ms": 0.02770645190290752,
        "min-ms": 0.8132919999989099,
        "max-ms": 0.8678330000002461,
        "raw": [
          0.8132919999989099,
          0.8678330000002461,
          0.8320829999975103
        ]
      },
      "speedup": 118.29983192811409
    }
  ],
  "speedups": {
    "dist-sample-n": 964.8191016502087,
    "vectorized-IS": 2181.9851777015087,
    "batched-SMC-init": 118.29983192811409
  }
}