{
  "experiment": "vectorization",
  "description": "Shape-based batching speedup measurements",
  "model": {
    "name": "linear-regression",
    "n-obs": 5,
    "n-trace-sites": 7
  },
  "results": [
    {
      "benchmark": "dist-sample-n",
      "N": 1000,
      "sequential": {
        "mean-ms": 247.90607300000005,
        "std-ms": 5.395506310608614,
        "min-ms": 243.22262499999988,
        "max-ms": 252.82866700000022,
        "raw": [
          243.251125,
          243.22262499999988,
          252.3218750000001,
          252.82866700000022
        ]
      },
      "batched": {
        "mean-ms": 0.2730212499999425,
        "std-ms": 0.00478602809380806,
        "min-ms": 0.2677090000001954,
        "max-ms": 0.2773339999998825,
        "raw": [
          0.27025000000003274,
          0.2773339999998825,
          0.2677090000001954,
          0.2767919999996593
        ]
      },
      "speedup": 908.0101750323547
    },
    {
      "benchmark": "vectorized-IS",
      "N": 1000,
      "sequential": {
        "mean-ms": 1648.006416333333,
        "std-ms": 6.5515853750630235,
        "min-ms": 1641.569790999998,
        "max-ms": 1654.6672080000008,
        "raw": [
          1647.7822500000002,
          1654.6672080000008,
          1641.569790999998
        ]
      },
      "batched": {
        "mean-ms": 0.7415693333338519,
        "std-ms": 0.014818285134354995,
        "min-ms": 0.7272919999995793,
        "max-ms": 0.7568749999991269,
        "raw": [
          0.7568749999991269,
          0.7272919999995793,
          0.7405410000028496
        ]
      },
      "speedup": 2222.322771795913
    },
    {
      "benchmark": "batched-SMC-init",
      "N": 100,
      "sequential": {
        "mean-ms": 100.14541633333283,
        "std-ms": 3.805358890625035,
        "min-ms": 97.55170799999905,
        "max-ms": 104.51395799999955,
        "raw": [
          97.55170799999905,
          98.3705829999999,
          104.51395799999955
        ]
      },
      "batched": {
        "mean-ms": 0.8283753333331939,
        "std-ms": 0.021486041335854383,
        "min-ms": 0.8039170000010927,
        "max-ms": 0.8442089999989548,
        "raw": [
          0.8039170000010927,
          0.8369999999995343,
          0.8442089999989548
        ]
      },
      "speedup": 120.89376916906791
    }
  ],
  "speedups": {
    "dist-sample-n": 908.0101750323547,
    "vectorized-IS": 2222.322771795913,
    "batched-SMC-init": 120.89376916906791
  }
}