{
  "experiment": "vectorization",
  "description": "Shape-based batching speedup measurements",
  "model": {
    "name": "linear-regression",
    "n-obs": 5,
    "n-trace-sites": 7
  },
  "results": [
    {
      "benchmark": "dist-sample-n",
      "N": 1000,
      "sequential": {
        "mean-ms": 253.2877812500001,
        "std-ms": 3.5598626734616863,
        "min-ms": 249.29437500000006,
        "max-ms": 257.7455,
        "raw": [
          249.29437500000006,
          252.03300000000036,
          257.7455,
          254.07825000000003
        ]
      },
      "batched": {
        "mean-ms": 0.25003125000000637,
        "std-ms": 0.0051619368056548725,
        "min-ms": 0.24329199999965567,
        "max-ms": 0.25583300000016607,
        "raw": [
          0.25583300000016607,
          0.25004200000012133,
          0.2509580000000824,
          0.24329199999965567
        ]
      },
      "speedup": 1013.0244969378574
    },
    {
      "benchmark": "vectorized-IS",
      "N": 1000,
      "sequential": {
        "mean-ms": 1789.4234723333332,
        "std-ms": 138.95930440728156,
        "min-ms": 1631.5633750000015,
        "max-ms": 1893.2499169999992,
        "raw": [
          1893.2499169999992,
          1843.457124999999,
          1631.5633750000015
        ]
      },
      "batched": {
        "mean-ms": 0.7603056666666816,
        "std-ms": 0.010092265570879702,
        "min-ms": 0.7543340000011085,
        "max-ms": 0.7719580000011774,
        "raw": [
          0.7719580000011774,
          0.754624999997759,
          0.7543340000011085
        ]
      },
      "speedup": 2353.5579843544915
    },
    {
      "benchmark": "batched-SMC-init",
      "N": 100,
      "sequential": {
        "mean-ms": 101.30043099999966,
        "std-ms": 3.426816608236141,
        "min-ms": 98.39949999999953,
        "max-ms": 105.0814590000009,
        "raw": [
          98.39949999999953,
          100.42033399999855,
          105.0814590000009
        ]
      },
      "batched": {
        "mean-ms": 0.8293199999995219,
        "std-ms": 0.05604439836432472,
        "min-ms": 0.7822919999998703,
        "max-ms": 0.8913339999999152,
        "raw": [
          0.8913339999999152,
          0.8143339999987802,
          0.7822919999998703
        ]
      },
      "speedup": 122.14878575225252
    }
  ],
  "speedups": {
    "dist-sample-n": 1013.0244969378574,
    "vectorized-IS": 2353.5579843544915,
    "batched-SMC-init": 122.14878575225252
  }
}