{
  "experiment": "gmm-is-weight-collapse",
  "model": {
    "name": "3-component-GMM",
    "K": 3,
    "n-obs": 8,
    "mixture-weights": [
      0.3,
      0.5,
      0.2
    ],
    "obs-sigma": 1,
    "prior-mean": 0,
    "prior-std": 10,
    "latent-configs": 6561
  },
  "data": [
    -3.5,
    -4.1,
    0.3,
    -0.2,
    3.8,
    4.2,
    0.1,
    3.6
  ],
  "timestamp": "2026-06-13T08:45:58.069Z",
  "results": [
    {
      "algorithm": "seq-IS",
      "min-ms": 961.5264999999999,
      "std-ms": 4.550641850145527,
      "max-ms": 969.9058329999998,
      "ess-pct": 0.008989084392111055,
      "mean-ms": 966.7416803333332,
      "raw-times": [
        961.5264999999999,
        969.9058329999998,
        968.792708
      ],
      "ess": 1.797816878422211,
      "particles": 200,
      "log-ml": -48.60622787475586
    },
    {
      "algorithm": "VIS",
      "min-ms": 1.8276660000001357,
      "std-ms": 0.03641759597139455,
      "max-ms": 1.8978329999999914,
      "ess-pct": 0.0014030060948878999,
      "mean-ms": 1.8571106666665098,
      "raw-times": [
        1.8978329999999914,
        1.8276660000001357,
        1.845832999999402
      ],
      "ess": 1.4030060948879,
      "particles": 1000,
      "log-ml": -34.462982177734375
    },
    {
      "algorithm": "VIS",
      "min-ms": 3.5500419999998485,
      "std-ms": 0.10040679135561507,
      "max-ms": 3.7507919999998194,
      "ess-pct": 0.00010284111765984634,
      "mean-ms": 3.648958333333212,
      "raw-times": [
        3.7507919999998194,
        3.6460409999999683,
        3.5500419999998485
      ],
      "ess": 1.0284111765984634,
      "particles": 10000,
      "log-ml": -25.733383178710938
    }
  ]
}