{
  "experiment": "gmm-is-weight-collapse",
  "model": {
    "name": "3-component-GMM",
    "K": 3,
    "n-obs": 8,
    "mixture-weights": [
      0.3,
      0.5,
      0.2
    ],
    "obs-sigma": 1,
    "prior-mean": 0,
    "prior-std": 10,
    "latent-configs": 6561
  },
  "data": [
    -3.5,
    -4.1,
    0.3,
    -0.2,
    3.8,
    4.2,
    0.1,
    3.6
  ],
  "timestamp": "2026-04-15T19:00:35.053Z",
  "results": [
    {
      "algorithm": "seq-IS",
      "min-ms": 1985.6920840000002,
      "std-ms": 136.2440242510758,
      "max-ms": 2246.7269590000005,
      "ess-pct": 0.004999999999998854,
      "mean-ms": 2093.6438200000007,
      "raw-times": [
        1985.6920840000002,
        2246.7269590000005,
        2048.512417000001
      ],
      "ess": 0.9999999999997708,
      "particles": 200,
      "log-ml": -35.20023727416992
    },
    {
      "algorithm": "VIS",
      "min-ms": 14.18775000000096,
      "std-ms": 58.41299075118689,
      "max-ms": 116.68283399999927,
      "ess-pct": null,
      "mean-ms": 49.25127800000033,
      "raw-times": [
        16.88325000000077,
        14.18775000000096,
        116.68283399999927
      ],
      "ess": null,
      "particles": 1000,
      "log-ml": -19.753063201904297
    },
    {
      "algorithm": "VIS",
      "min-ms": 43.502707999999984,
      "std-ms": 16.634698883955046,
      "max-ms": 72.43870900000002,
      "ess-pct": null,
      "mean-ms": 53.23115266666658,
      "raw-times": [
        43.502707999999984,
        72.43870900000002,
        43.752040999999736
      ],
      "ess": null,
      "particles": 10000,
      "log-ml": -16.94466209411621
    }
  ]
}