{
  "experiment": "gmm-is-weight-collapse",
  "model": {
    "name": "3-component-GMM",
    "K": 3,
    "n-obs": 8,
    "mixture-weights": [
      0.3,
      0.5,
      0.2
    ],
    "obs-sigma": 1,
    "prior-mean": 0,
    "prior-std": 10,
    "latent-configs": 6561
  },
  "data": [
    -3.5,
    -4.1,
    0.3,
    -0.2,
    3.8,
    4.2,
    0.1,
    3.6
  ],
  "timestamp": "2026-06-07T19:35:27.587Z",
  "results": [
    {
      "algorithm": "seq-IS",
      "min-ms": 972.6426250000002,
      "std-ms": 5.223859091128939,
      "max-ms": 982.4087089999998,
      "ess-pct": 0.005039646103727297,
      "mean-ms": 978.5972086666667,
      "raw-times": [
        972.6426250000002,
        982.4087089999998,
        980.740292
      ],
      "ess": 1.0079292207454593,
      "particles": 200,
      "log-ml": -42.83930206298828
    },
    {
      "algorithm": "VIS",
      "min-ms": 1.9037909999997282,
      "std-ms": 0.05905435259424442,
      "max-ms": 2.01366599999983,
      "ess-pct": 0.0016015039388152228,
      "mean-ms": 1.9712356666662647,
      "raw-times": [
        1.996249999999236,
        1.9037909999997282,
        2.01366599999983
      ],
      "ess": 1.6015039388152228,
      "particles": 1000,
      "log-ml": -39.521297454833984
    },
    {
      "algorithm": "VIS",
      "min-ms": 3.3587079999997513,
      "std-ms": 0.152307775406886,
      "max-ms": 3.6292920000005324,
      "ess-pct": 0.00030433333880788496,
      "mean-ms": 3.5343886666666244,
      "raw-times": [
        3.6292920000005324,
        3.61516599999959,
        3.3587079999997513
      ],
      "ess": 3.0433333880788496,
      "particles": 10000,
      "log-ml": -28.33063507080078
    }
  ]
}