{
  "framework": "genjax",
  "method": "importance_sampling",
  "n_particles": 10000,
  "n_features": 100,
  "n_points": 50,
  "times": [
    0.01803779100009706,
    0.01792141600026298,
    0.018997040999693127,
    0.016730000000279688,
    0.019075458999850525,
    0.019302291000258265,
    0.018490292000024056,
    0.018292708999979368,
    0.018522917000154848,
    0.01922916700004862,
    0.019104125000012573,
    0.01889183299999786,
    0.01906737500030431,
    0.018413709000014933,
    0.018748999999843363,
    0.019308583000110957,
    0.017939958999704686,
    0.01930850000007922,
    0.01792558299985103,
    0.01832283300018389
  ],
  "mean_time": 0.01858152915003757,
  "std_time": 0.0006417878562350588
}