{
  "framework": "genjax",
  "method": "importance_sampling",
  "n_particles": 10000,
  "n_features": 50,
  "n_points": 50,
  "times": [
    0.00845137500027704,
    0.009363416000269353,
    0.009405750000041735,
    0.009443375000046217,
    0.008314791999964655,
    0.008017250000193599,
    0.009376791999784473,
    0.009512292000181333,
    0.009556541000165453,
    0.00894845799984978,
    0.009032500000103028,
    0.009497874999851774,
    0.009466166000038356,
    0.009542249999867636,
    0.008758875000239641,
    0.008381708000342769,
    0.009407666000242898,
    0.009566541999902256,
    0.00946441699989009,
    0.008865708000030281
  ],
  "mean_time": 0.009118687400064118,
  "std_time": 0.0004788655924658262
}