{
  "std_time": 0.00013806962601675153,
  "mean_time": 0.007750681299999979,
  "variant": "per_site",
  "method": "importance_sampling",
  "n_particles": 10000,
  "times": [
    0.008164208999999922,
    0.007927291999999975,
    0.00772670799999986,
    0.00791833300000011,
    0.007618374999999844,
    0.007745666000000151,
    0.007633207999999891,
    0.007703084000000082,
    0.007729416999999739,
    0.007759791000000238,
    0.007650958000000152,
    0.007880041999999587,
    0.007727707999999556,
    0.007883458000000232,
    0.007631417000000251,
    0.007664917000000049,
    0.007576417000000113,
    0.007620791999999987,
    0.0076997089999997215,
    0.00775212500000011
  ],
  "n_features": 10,
  "n_points": 50,
  "framework": "genmlx"
}