{
  "std_time": 0.00003240704225559158,
  "mean_time": 0.0023764521499998635,
  "variant": "gaussian_vec",
  "method": "importance_sampling",
  "n_particles": 10000,
  "times": [
    0.0024360840000099415,
    0.002487458000018705,
    0.002398957999957929,
    0.0023841250000202763,
    0.0023762909999902604,
    0.002362083000008397,
    0.002378874999976688,
    0.0023720840000009957,
    0.0023708750000253076,
    0.0023567920000289178,
    0.002340583000005836,
    0.002362209000011717,
    0.002372041999990415,
    0.0023677920000011454,
    0.002349124999994956,
    0.002375583999992159,
    0.002363207999991346,
    0.0023742919999847345,
    0.0023463329999913185,
    0.0023542499999962274
  ],
  "n_features": 200,
  "n_points": 50,
  "framework": "genmlx"
}