{
  "std_time": 0.000021096084301951243,
  "mean_time": 0.0007810625000018945,
  "variant": "gaussian_vec",
  "method": "importance_sampling",
  "n_particles": 10000,
  "times": [
    0.0007812909999813655,
    0.0007659999999987122,
    0.0007574590000274384,
    0.0007713339999781965,
    0.000754958000015904,
    0.0007554580000146416,
    0.000761457999999493,
    0.0007778750000113632,
    0.0008104169999967326,
    0.0007761250000157816,
    0.0007519170000023223,
    0.0008177499999817428,
    0.0007672080000133974,
    0.0007885420000093291,
    0.0008124999999949978,
    0.0007747079999944617,
    0.0007799579999812067,
    0.0007980419999853439,
    0.0008149580000065271,
    0.0008032920000289323
  ],
  "n_features": 25,
  "n_points": 50,
  "framework": "genmlx"
}