{
  "experiment": "compiled-optimizer",
  "description": "Compiled Adam (tensor-native L4) vs handler loop (static linear regression)",
  "timestamp": "2026-06-13T08:42:37.645Z",
  "hardware": {
    "platform": "macOS",
    "chip": "Apple Silicon",
    "gpu": "Metal"
  },
  "config": {
    "model": "static-linreg",
    "n_observations": 5,
    "latent_addresses": [
      "slope",
      "intercept"
    ],
    "iterations": 200,
    "learning_rate": 0.01
  },
  "handler_loop": {
    "mean_ms": 837.9510836666665,
    "std_ms": 10.878848134762181,
    "min_ms": 828.3446250000002,
    "max_ms": 849.7640419999998,
    "raw_times": [
      835.7445839999998,
      849.7640419999998,
      828.3446250000002
    ],
    "final_params": [
      1.392967939376831,
      1.358544111251831
    ],
    "final_loss": 15.25252914428711
  },
  "compiled_adam": {
    "mean_ms": 141.59415266666656,
    "std_ms": 0.376410763907161,
    "min_ms": 141.15970800000014,
    "max_ms": 141.8227079999997,
    "raw_times": [
      141.80004199999985,
      141.8227079999997,
      141.15970800000014
    ],
    "final_params": [
      1.9993242025375366,
      0.4411452114582062
    ],
    "compilation_level": "tensor-native",
    "loss_history_last_5": [
      11.29470443725586,
      11.29470443725586,
      11.294703483581543,
      11.294703483581543,
      11.294703483581543
    ]
  },
  "speedup": 5.91797802300019
}