{
  "experiment": "compiled-optimizer",
  "description": "Compiled Adam (tensor-native L4) vs handler loop (static linear regression)",
  "timestamp": "2026-06-07T19:31:50.745Z",
  "hardware": {
    "platform": "macOS",
    "chip": "Apple Silicon",
    "gpu": "Metal"
  },
  "config": {
    "model": "static-linreg",
    "n_observations": 5,
    "latent_addresses": [
      "slope",
      "intercept"
    ],
    "iterations": 200,
    "learning_rate": 0.01
  },
  "handler_loop": {
    "mean_ms": 834.7486946666668,
    "std_ms": 8.668200608144941,
    "min_ms": 824.9691670000002,
    "max_ms": 841.484625,
    "raw_times": [
      837.7922919999999,
      841.484625,
      824.9691670000002
    ],
    "final_params": [
      1.392967939376831,
      1.358544111251831
    ],
    "final_loss": 15.25252914428711
  },
  "compiled_adam": {
    "mean_ms": 134.77593033333292,
    "std_ms": 0.7172384473078532,
    "min_ms": 134.03858299999956,
    "max_ms": 135.47120799999993,
    "raw_times": [
      135.47120799999993,
      134.03858299999956,
      134.8179999999993
    ],
    "final_params": [
      0.9523250460624695,
      4.167512893676758
    ],
    "compilation_level": "tensor-native",
    "loss_history_last_5": [
      17.87361717224121,
      17.840055465698242,
      17.806644439697266,
      17.773380279541016,
      17.740262985229492
    ]
  },
  "speedup": 6.1936036546149955
}