{
  "experiment": "compiled-optimizer",
  "description": "Compiled Adam (tensor-native L4) vs handler loop (static linear regression)",
  "timestamp": "2026-04-15T20:13:24.081Z",
  "hardware": {
    "platform": "macOS",
    "chip": "Apple Silicon",
    "gpu": "Metal"
  },
  "config": {
    "model": "static-linreg",
    "n_observations": 5,
    "latent_addresses": [
      "slope",
      "intercept"
    ],
    "iterations": 200,
    "learning_rate": 0.01
  },
  "handler_loop": {
    "mean_ms": 1439.0851666666667,
    "std_ms": 11.441723276664295,
    "min_ms": 1425.9042090000003,
    "max_ms": 1446.4565409999998,
    "raw_times": [
      1446.4565409999998,
      1444.8947500000004,
      1425.9042090000003
    ],
    "final_params": [
      1.392967939376831,
      1.358544111251831
    ],
    "final_loss": 15.25252914428711
  },
  "compiled_adam": {
    "mean_ms": 199.33093033333384,
    "std_ms": 5.333174412197835,
    "min_ms": 193.24112500000047,
    "max_ms": 203.16858300000058,
    "raw_times": [
      201.58308300000044,
      203.16858300000058,
      193.24112500000047
    ],
    "final_params": [
      0.9523250460624695,
      4.167512893676758
    ],
    "compilation_level": "tensor-native",
    "loss_history_last_5": [
      17.87361717224121,
      17.840055465698242,
      17.806644439697266,
      17.773380279541016,
      17.740262985229492
    ]
  },
  "speedup": 7.2195778360143965
}